Churn,AccountWeeks,ContractRenewal,DataPlan,DataUsage,CustServCalls,DayMins,DayCalls,MonthlyCharge,OverageFee,RoamMins
0,80,1,0,0.23,3,202.4,118,59.3,13.01,9.2
0,63,1,0,0.0,3,132.9,122,29.0,3.35,9.9
0,116,1,1,2.43,2,221.0,108,75.3,7.55,9.0
1,71,1,0,0.0,0,278.9,110,64.0,9.51,11.7
0,120,1,1,3.11,1,177.9,117,77.1,8.76,11.5
0,132,1,0,0.0,2,181.1,121,58.0,15.72,4.2
0,105,1,0,0.0,2,156.5,102,39.0,7.01,12.2
0,117,0,0,0.0,1,198.4,121,55.0,12.48,10.5
0,64,1,0,0.0,3,216.9,78,55.0,10.55,11.4
0,143,1,1,2.08,1,141.4,130,60.8,9.32,7.7
0,60,1,0,0.0,2,98.2,88,33.0,9.03,9.3
0,144,1,1,2.73,1,106.4,109,55.3,5.41,10.1
0,80,1,1,2.51,0,196.4,115,72.1,7.52,9.3
0,143,1,0,0.0,0,209.1,127,45.0,5.31,14.0
0,161,1,0,0.0,1,178.1,109,43.0,7.33,8.5
0,109,1,0,0.36,2,193.6,58,49.6,7.44,13.1
1,139,0,1,3.62,1,203.5,82,88.2,10.02,13.4
0,97,1,0,0.0,1,151.6,107,39.0,7.77,14.7
0,98,1,1,2.97,2,110.3,71,64.7,9.12,11.0
0,122,1,0,0.0,1,168.3,96,37.0,4.38,8.4
0,130,1,0,0.0,5,139.1,72,45.0,12.3,11.4
0,24,1,0,0.0,1,241.9,104,54.0,7.26,6.6
0,74,1,0,0.0,0,162.7,102,53.0,14.6,8.7
0,35,1,0,0.0,1,260.8,87,67.0,12.91,5.8
0,105,1,0,0.0,0,246.4,83,64.0,12.81,3.8
0,95,1,0,0.0,1,149.2,96,48.0,13.04,8.1
0,161,1,0,0.0,2,107.5,121,41.0,12.82,12.6
0,63,1,0,0.37,0,211.2,80,60.7,11.89,12.3
0,57,1,0,0.0,0,85.9,92,32.0,9.7,10.1
0,50,1,0,0.0,1,131.7,108,41.0,10.83,11.0
0,52,1,0,0.0,2,217.0,104,50.0,7.62,11.8
0,115,1,0,0.0,1,206.2,113,51.0,8.82,11.0
0,120,1,1,1.86,1,215.8,123,79.6,14.26,6.9
1,64,0,0,0.0,1,225.3,134,48.0,5.41,17.3
0,144,1,1,2.7,1,283.9,98,92.0,9.6,10.0
1,152,0,1,3.83,9,237.5,120,100.3,12.67,14.2
0,161,1,1,1.97,1,218.5,76,66.7,5.64,7.3
0,52,1,1,2.97,1,142.1,77,70.7,9.65,11.0
0,81,1,0,0.28,2,220.8,77,53.8,7.43,7.6
0,148,1,0,0.0,1,239.3,84,58.0,9.79,10.9
1,24,1,0,0.23,0,243.0,91,59.3,9.2,15.3
0,107,1,1,2.97,2,219.4,92,82.7,9.03,11.0
0,144,1,0,0.0,2,139.6,96,35.0,6.21,15.0
0,134,1,1,2.7,1,214.4,93,82.0,10.59,10.0
0,100,1,0,0.0,1,191.9,95,50.0,10.05,18.2
0,57,1,0,0.0,0,169.6,96,49.0,11.74,11.2
0,95,1,0,0.0,3,194.6,114,53.0,11.64,3.8
0,133,1,0,0.0,2,176.8,92,46.0,9.38,6.5
0,110,1,0,0.31,3,74.5,117,33.1,10.04,9.8
0,93,1,1,3.11,1,166.9,101,83.1,13.66,11.5
0,72,1,0,0.28,1,147.0,79,41.8,8.12,10.5
0,54,1,1,3.13,2,92.3,88,64.3,9.66,11.6
0,114,1,0,0.0,2,155.3,75,41.0,8.5,12.6
0,62,1,0,0.0,1,98.9,103,29.0,6.77,12.2
1,97,1,0,0.4,0,276.1,82,69.0,10.06,8.9
0,82,1,0,0.0,3,207.0,90,55.0,11.65,9.1
1,113,1,0,0.0,3,245.3,108,64.0,13.0,10.7
0,100,1,1,3.27,1,218.7,104,83.7,7.75,12.1
0,74,1,0,0.0,0,136.7,106,43.0,11.43,9.8
0,65,1,0,0.0,2,105.7,95,31.0,7.09,6.6
0,29,1,0,0.0,1,157.4,122,40.0,7.25,9.3
0,131,1,0,0.0,1,109.5,95,47.0,16.61,6.6
1,73,1,1,3.19,6,82.3,105,67.9,12.81,11.8
0,119,1,1,2.7,1,178.1,110,76.0,10.64,10.0
1,95,1,0,0.0,2,269.0,120,66.0,11.69,7.3
0,136,1,0,0.0,3,101.7,105,35.0,10.14,9.4
1,50,0,0,0.34,2,99.6,108,47.4,15.44,13.7
0,82,1,0,0.0,0,130.0,110,38.0,9.27,8.3
0,84,1,0,0.0,1,217.1,99,57.0,11.8,9.4
1,135,0,1,3.94,0,173.1,85,86.4,10.2,14.6
0,62,1,0,0.0,1,128.7,111,37.0,8.48,10.3
0,30,1,0,0.0,3,145.0,76,46.0,12.04,7.1
0,35,1,0,0.32,2,124.2,102,35.2,6.2,13.1
0,85,1,0,0.0,3,225.0,81,54.0,8.85,7.1
0,159,1,1,4.56,0,184.1,78,93.6,9.73,16.9
0,120,1,0,0.0,3,203.3,108,57.0,13.0,7.8
0,57,1,1,3.51,1,279.9,121,102.1,11.16,13.0
0,151,1,0,0.0,1,134.5,88,36.0,7.16,15.4
0,136,0,0,0.0,1,199.2,122,53.0,10.74,11.8
0,104,1,0,0.0,3,76.4,116,23.0,5.78,9.4
1,131,1,0,0.0,1,131.6,95,38.0,8.97,15.5
1,91,0,0,0.0,2,246.4,110,58.0,9.1,12.1
1,77,1,0,0.0,0,245.2,87,64.0,12.71,7.5
1,197,0,0,0.12,5,127.3,80,42.2,11.12,13.7
1,89,1,0,0.0,1,213.0,63,52.0,8.83,9.1
0,100,1,0,0.21,2,235.8,130,58.1,8.8,7.3
0,106,1,0,0.0,1,220.7,120,61.0,13.51,8.7
0,72,1,0,0.27,0,272.4,88,58.7,5.4,12.7
0,166,1,0,0.21,1,181.4,108,55.1,12.69,11.6
0,43,1,0,0.0,4,177.2,93,43.0,7.13,12.7
0,93,1,0,0.21,0,141.7,95,45.1,11.05,10.2
0,135,1,0,0.33,1,144.1,115,49.3,12.49,13.6
0,103,0,0,0.38,3,62.8,124,29.8,8.52,9.4
0,75,1,1,3.54,4,210.3,90,92.4,12.09,13.1
0,68,1,1,2.59,2,122.9,93,66.9,11.68,9.6
0,25,1,0,0.33,2,242.6,69,63.3,10.45,14.4
0,136,1,0,0.36,2,252.4,74,61.6,8.4,10.7
0,78,1,0,0.0,1,87.7,74,34.0,10.74,10.8
1,64,1,0,0.0,5,148.1,73,40.0,8.25,12.3
0,141,1,0,0.0,5,242.8,90,62.0,11.71,6.0
0,68,1,0,0.0,2,222.1,107,55.0,9.97,9.4
0,131,1,1,2.54,1,135.9,60,68.4,11.66,9.4
0,87,1,1,2.57,3,82.6,113,59.7,11.22,9.5
1,95,0,1,1.11,0,220.2,109,65.1,9.27,4.1
0,162,1,0,0.0,1,220.6,117,51.0,7.76,10.5
0,81,1,0,0.0,1,115.3,99,39.0,11.24,18.0
0,56,1,1,3.43,1,121.7,87,71.3,9.2,12.7
0,161,1,0,0.0,0,105.4,70,37.0,10.74,7.8
1,134,1,0,0.0,0,296.0,93,70.0,11.32,12.3
0,64,1,0,0.0,1,206.2,76,55.0,11.62,13.6
1,118,1,0,0.0,5,267.8,145,73.0,15.82,14.4
0,136,1,1,2.38,2,174.6,76,68.8,8.83,8.8
0,68,1,1,1.3,3,82.5,97,52.0,14.5,4.8
0,80,0,1,2.7,0,184.2,132,73.0,8.38,10.0
0,70,1,0,0.31,0,59.5,103,35.1,12.86,11.1
0,79,1,0,0.0,3,130.2,119,47.0,14.55,14.0
0,72,1,0,0.2,2,141.3,133,38.0,6.75,11.2
0,183,1,1,2.75,1,171.2,104,73.5,9.68,10.2
0,121,0,1,2.35,3,254.1,127,82.5,9.01,8.7
0,86,1,0,0.0,1,125.5,139,45.0,13.49,8.9
0,189,1,0,0.0,1,219.9,80,50.0,7.17,11.7
0,32,1,0,0.0,1,157.9,88,43.0,9.04,12.8
0,169,1,0,0.0,1,235.7,79,52.0,6.85,13.3
0,117,1,0,0.0,2,181.5,95,49.0,10.26,14.7
1,105,0,1,3.56,1,220.7,82,92.6,10.89,13.2
1,68,0,1,3.65,1,195.5,113,84.5,8.58,13.5
0,142,0,1,2.65,0,191.1,109,72.5,7.48,9.8
0,126,1,0,0.0,0,103.7,93,29.0,6.35,14.4
1,121,1,1,1.57,3,198.4,129,56.7,3.77,5.8
0,78,1,0,0.34,0,140.7,77,44.4,9.76,11.7
0,123,1,0,0.0,1,163.1,119,49.0,12.47,9.0
0,111,1,1,3.27,1,193.1,104,75.7,5.58,12.1
1,119,1,0,0.21,3,239.1,88,64.1,12.18,10.9
0,68,1,0,0.0,2,219.6,97,50.0,7.06,10.8
0,101,1,0,0.0,0,257.3,84,60.0,9.24,13.5
0,153,1,1,2.03,1,167.7,104,70.3,12.34,7.5
0,72,1,0,0.0,0,198.4,147,53.0,10.85,13.1
1,93,0,0,0.0,1,131.4,78,42.0,10.99,11.1
0,107,1,0,0.21,5,189.7,76,48.1,7.81,8.3
0,80,1,0,0.0,1,160.6,103,48.0,11.85,10.7
0,84,1,1,2.05,3,165.3,97,68.5,11.18,7.6
0,79,1,0,0.0,3,222.3,99,51.0,7.31,8.9
0,112,1,1,3.05,1,221.6,110,79.5,6.51,11.3
0,210,1,0,0.28,2,104.6,121,33.8,7.48,6.5
0,88,1,0,0.0,1,192.0,91,44.0,6.38,7.5
0,147,1,0,0.0,3,248.6,83,55.0,7.45,8.0
0,112,1,0,0.0,1,168.6,102,54.0,14.9,9.8
0,80,1,0,0.4,2,149.8,123,53.0,13.82,10.9
0,13,1,0,0.0,1,58.4,121,33.0,13.11,11.9
0,12,0,0,0.0,2,216.7,117,47.0,5.83,9.8
0,163,1,0,0.0,1,191.3,89,49.0,9.7,12.8
0,54,1,1,3.7,0,161.8,73,88.0,13.65,13.7
0,61,0,0,0.0,2,78.2,103,30.0,9.8,10.1
1,100,0,0,0.0,2,159.9,94,43.0,9.0,11.6
1,1,1,0,0.0,5,182.1,106,43.0,6.75,10.0
0,134,1,0,0.0,0,141.7,95,42.0,10.28,8.8
0,59,1,0,0.0,0,179.4,80,51.0,11.63,14.7
0,92,1,0,0.25,2,196.5,82,52.5,9.5,10.8
0,111,1,1,2.78,2,128.8,104,63.8,7.87,10.3
0,147,1,0,0.0,3,130.6,83,40.0,10.41,15.6
0,149,1,1,1.76,0,148.5,106,52.6,5.73,6.5
0,70,1,0,0.0,2,208.7,97,59.0,13.78,8.0
0,135,1,1,3.32,1,273.4,141,93.2,7.7,12.3
0,143,1,1,3.13,1,186.6,69,82.3,11.1,11.6
0,116,1,1,2.24,1,200.4,104,80.4,13.64,8.3
0,117,1,1,2.32,1,80.2,81,56.2,10.95,8.6
0,58,0,1,2.4,1,142.8,96,72.0,13.62,8.9
1,79,1,0,0.0,3,261.7,97,63.0,10.53,6.0
1,117,0,0,0.0,1,54.2,100,35.0,15.16,8.6
0,116,1,0,0.0,0,164.6,110,51.0,13.53,8.0
0,57,1,1,3.0,2,193.4,105,83.0,11.58,11.1
0,116,1,0,0.35,2,205.0,90,50.5,7.05,7.5
1,109,1,0,0.0,1,264.7,69,71.0,15.25,9.5
0,140,1,0,0.0,0,194.8,107,48.0,8.55,13.9
0,120,1,0,0.36,2,98.2,99,36.6,9.34,9.3
0,193,1,1,3.16,0,71.2,58,54.6,6.24,11.7
0,74,1,0,0.0,0,155.7,116,42.0,8.69,8.1
0,156,1,0,0.0,3,174.3,95,46.0,9.33,12.9
0,119,0,1,3.29,0,173.0,101,80.9,10.47,12.2
0,97,1,0,0.0,3,169.7,84,43.0,8.3,12.8
0,109,1,1,2.86,5,230.5,116,90.6,13.29,10.6
0,177,1,0,0.0,1,175.7,120,45.0,8.43,14.6
1,201,1,0,0.0,1,225.9,110,64.0,14.96,11.2
0,104,1,0,0.27,1,183.6,133,44.7,6.04,12.7
0,131,1,0,0.0,1,110.9,74,29.0,5.78,15.8
0,47,1,1,2.11,2,163.5,77,67.1,10.16,7.8
0,104,1,0,0.0,0,97.2,88,30.0,7.78,12.4
0,97,1,1,2.97,1,133.2,135,71.7,10.86,11.0
0,129,1,1,3.16,1,205.0,94,80.6,8.27,11.7
1,40,1,1,2.03,1,224.7,69,70.3,6.73,7.5
0,164,1,1,3.86,1,219.1,88,89.6,7.58,14.3
0,78,1,0,0.0,2,190.3,88,49.0,9.73,11.7
0,37,1,0,0.0,2,199.5,107,52.0,10.38,8.1
0,113,1,0,0.27,1,72.5,88,32.7,10.2,6.6
0,145,1,1,2.89,2,216.0,94,84.9,11.26,10.7
1,184,1,0,0.0,1,236.4,73,65.0,14.37,13.8
0,35,1,0,0.0,2,179.2,59,55.0,14.17,5.8
0,58,1,0,0.0,4,174.4,112,53.0,13.29,0.0
0,82,1,1,1.27,3,232.6,121,65.7,7.66,4.7
0,67,1,1,3.48,2,186.2,117,91.8,14.34,12.9
0,115,1,1,1.22,0,155.2,110,59.2,11.55,4.5
0,59,0,1,2.46,1,225.0,78,79.6,9.57,9.1
0,57,1,0,0.19,1,192.8,68,48.9,7.9,12.7
0,163,1,0,0.35,4,178.7,56,52.5,10.79,10.6
0,87,1,0,0.0,3,169.1,105,44.0,8.5,9.9
0,123,1,0,0.0,0,154.3,107,42.0,9.15,10.9
0,135,1,0,0.0,1,194.8,97,54.0,11.77,11.0
0,103,1,1,2.86,1,153.5,78,75.6,12.1,10.6
0,80,1,0,0.35,2,127.8,67,41.5,9.08,15.9
0,87,1,1,1.92,2,240.8,102,67.2,3.8,7.1
0,36,1,0,0.34,0,157.6,117,46.4,9.22,11.9
0,78,1,0,0.35,0,87.0,102,35.5,9.68,11.0
0,86,1,0,0.0,1,150.5,92,36.0,6.02,9.0
0,91,1,1,3.32,3,232.4,97,89.2,9.3,12.3
0,77,1,0,0.0,1,169.4,102,45.0,9.25,2.0
0,64,1,1,1.59,8,210.0,116,71.9,11.64,5.9
1,55,1,0,0.4,0,285.7,124,73.0,11.55,14.8
1,125,0,0,0.3,0,298.4,78,77.0,13.53,12.2
1,100,1,0,0.34,4,107.0,63,31.4,5.29,12.8
1,60,1,0,0.0,1,179.3,147,49.0,10.45,13.5
0,49,1,0,0.0,0,213.8,79,59.0,13.26,15.6
0,76,1,0,0.0,1,171.1,78,51.0,12.86,16.2
0,127,1,0,0.0,1,239.8,107,52.0,6.45,11.3
0,101,1,1,4.19,0,200.1,108,92.9,9.45,15.5
1,131,0,0,0.34,3,122.3,83,34.4,5.94,13.7
0,112,1,1,3.11,4,225.2,89,92.1,12.84,11.5
1,163,1,0,0.35,0,247.7,77,69.5,13.48,9.6
0,101,1,1,1.97,1,262.2,101,77.7,7.85,7.3
0,89,1,0,0.0,1,134.9,59,37.0,7.8,10.2
0,76,1,0,0.0,0,203.6,61,49.0,8.09,8.4
0,109,1,0,0.0,3,154.8,82,51.0,14.39,5.9
0,97,1,1,2.24,3,121.1,105,65.4,13.01,8.3
0,124,1,0,0.0,1,188.5,77,48.0,9.1,6.1
0,85,1,0,0.0,0,209.8,82,53.0,9.73,11.3
0,182,1,1,3.13,1,128.1,104,65.3,7.17,11.6
0,110,1,0,0.0,1,148.5,115,49.0,13.82,12.4
0,90,1,0,0.0,2,214.9,97,47.0,5.89,11.8
0,124,1,0,0.0,1,131.8,82,47.0,14.22,11.3
0,210,1,1,2.73,3,313.8,87,93.3,7.39,10.1
0,168,1,1,1.97,2,175.9,70,67.7,10.59,7.3
0,106,1,1,2.86,2,223.5,104,86.6,11.76,10.6
0,72,1,0,0.0,1,175.5,103,42.0,6.62,11.8
0,56,1,0,0.0,1,121.6,84,35.0,8.27,8.9
0,118,1,0,0.0,1,133.4,113,33.0,6.05,5.9
0,95,1,0,0.0,0,190.2,119,46.0,7.86,14.0
1,126,1,0,0.0,1,321.3,99,69.0,8.4,8.0
0,153,1,0,0.0,1,195.4,107,47.0,7.73,11.6
0,21,1,0,0.0,0,146.0,78,35.0,5.49,6.8
1,102,1,0,0.0,1,195.7,116,52.0,10.46,8.3
0,176,1,0,0.0,2,250.9,108,58.0,8.57,9.6
0,92,1,1,3.19,1,172.3,116,83.9,13.31,11.8
0,124,1,0,0.0,1,191.3,134,55.0,13.08,10.0
0,114,1,1,2.54,3,141.3,96,69.4,11.52,9.4
0,144,1,0,0.0,2,177.5,93,55.0,14.37,11.9
0,44,1,1,3.78,0,221.8,105,89.8,8.09,14.0
0,136,1,1,1.86,1,205.5,86,79.6,14.93,6.9
0,106,1,0,0.0,2,119.2,142,40.0,11.42,8.4
0,35,1,1,2.54,1,241.7,87,79.4,7.1,9.4
0,21,1,0,0.0,1,223.2,142,57.0,10.83,12.4
0,158,1,0,0.0,1,158.0,106,52.0,14.63,9.1
0,51,1,0,0.0,0,169.3,111,41.0,6.98,12.0
0,31,1,1,2.86,1,171.8,116,78.6,12.04,10.6
0,147,1,0,0.0,1,205.3,95,50.0,8.34,7.8
0,90,1,0,0.0,3,113.2,108,36.0,9.47,14.1
0,45,1,1,2.08,1,196.8,92,76.8,12.71,7.7
0,41,1,1,3.0,1,191.7,109,79.0,9.65,11.1
0,156,0,0,0.2,1,277.0,119,70.0,11.92,8.3
0,94,1,0,0.0,1,245.0,112,57.0,9.02,9.7
0,192,1,0,0.34,2,185.0,88,54.4,11.25,11.4
1,106,1,0,0.0,2,210.6,96,57.0,12.46,12.4
0,146,1,1,2.73,2,180.7,82,73.3,8.69,10.1
0,63,1,0,0.36,2,153.5,81,54.6,14.37,6.5
0,97,1,0,0.29,0,217.6,81,67.9,16.03,4.2
0,77,1,0,0.0,5,239.2,114,54.0,7.5,10.3
0,100,1,1,3.4,3,125.2,123,75.0,11.55,12.6
0,221,1,1,0.65,0,180.5,85,56.5,11.21,2.4
0,52,1,0,0.0,1,204.4,97,58.0,13.66,11.0
0,100,1,0,0.0,1,179.1,123,48.0,9.83,10.2
0,199,1,1,2.16,0,230.6,121,79.6,10.97,8.0
0,93,1,0,0.24,1,239.8,70,65.4,12.59,10.9
0,104,1,0,0.33,4,167.6,116,51.3,10.96,11.7
0,30,1,0,0.0,1,169.9,144,49.0,11.26,11.4
0,73,1,0,0.41,1,157.6,92,48.1,9.92,9.1
0,105,1,0,0.0,2,102.8,74,42.0,14.09,13.2
0,56,1,0,0.0,1,137.2,111,38.0,8.3,14.3
1,154,0,0,0.36,0,145.9,69,46.6,10.41,14.4
0,157,1,0,0.0,3,276.2,95,62.0,8.29,2.2
0,105,1,1,3.48,0,101.9,79,71.8,11.16,12.9
0,139,1,0,0.0,4,181.6,119,60.0,16.79,8.3
0,95,1,0,0.0,0,198.4,113,54.0,11.8,10.1
0,80,1,0,0.0,0,105.8,110,22.0,2.2,13.1
0,101,1,1,2.92,0,160.1,116,75.2,10.5,10.8
1,133,1,0,0.0,2,277.3,138,67.0,11.42,12.8
0,84,1,0,0.16,2,130.2,105,47.6,13.9,14.0
0,76,1,1,2.7,1,189.7,66,78.0,10.64,10.0
0,129,1,1,1.59,2,119.6,104,60.9,13.94,5.9
0,111,1,0,0.26,2,142.3,75,37.6,6.14,12.8
0,116,1,0,0.0,1,197.9,84,48.0,8.41,12.0
1,105,1,0,0.0,0,226.9,106,55.0,9.11,11.6
0,106,1,0,0.0,0,194.8,133,52.0,10.67,11.5
0,164,1,0,0.0,1,123.3,78,36.0,8.5,12.7
0,51,1,0,0.31,2,51.8,107,32.1,11.51,10.4
0,112,1,0,0.0,1,174.5,127,52.0,12.97,11.3
0,64,1,0,0.0,0,261.9,113,58.0,7.41,13.8
0,54,1,1,3.38,2,143.9,73,76.8,10.52,12.5
0,58,1,0,0.0,4,210.1,126,57.0,12.45,14.4
0,65,1,1,2.38,2,215.5,129,74.8,8.1,8.8
0,132,1,0,0.0,1,169.9,107,47.0,10.47,11.5
0,155,1,0,0.0,3,181.4,111,46.0,8.39,11.3
0,55,0,0,0.0,0,106.1,77,29.0,6.18,12.9
1,159,0,0,0.44,1,257.1,53,75.4,15.61,8.8
1,112,1,0,0.28,2,266.0,97,66.8,10.73,14.2
0,124,1,0,0.0,3,178.3,102,51.0,11.75,10.9
1,45,1,0,0.0,1,78.6,106,30.0,9.37,7.4
0,50,1,0,0.0,0,154.7,102,52.0,14.9,11.1
1,49,0,0,0.26,2,237.8,92,61.6,10.45,15.6
0,106,1,0,0.0,0,178.4,143,52.0,12.35,9.6
1,52,1,0,0.0,4,155.0,110,38.0,6.67,7.0
0,64,1,1,3.59,1,154.6,92,69.9,4.17,13.3
0,159,1,1,3.19,1,113.9,102,63.9,7.27,11.8
0,114,1,0,0.0,2,169.2,96,42.0,7.5,4.6
0,158,1,0,0.0,1,202.0,126,49.0,8.18,10.4
0,93,1,0,0.0,0,179.5,121,47.0,9.6,12.0
0,66,1,0,0.31,2,205.1,102,58.1,11.64,9.2
0,125,1,0,0.0,1,126.7,108,40.0,10.3,13.3
0,56,1,0,0.33,1,210.4,80,54.3,8.83,15.5
0,159,1,0,0.29,5,198.8,107,53.9,9.78,16.5
1,105,1,0,0.0,6,106.4,71,39.0,12.01,5.3
1,139,1,0,0.0,1,236.6,109,55.0,8.5,11.1
0,95,1,0,0.0,3,141.1,84,42.0,10.57,5.9
0,75,1,1,3.62,2,118.5,86,75.2,10.7,13.4
0,128,1,1,2.32,0,179.3,104,73.2,11.3,8.6
1,21,1,0,0.0,5,92.6,95,30.0,8.1,11.3
0,171,1,0,0.0,1,231.2,135,56.0,9.44,12.3
0,102,1,0,0.0,0,114.8,125,27.0,4.1,12.0
0,92,1,0,0.0,2,91.7,90,33.0,9.69,9.2
0,104,1,0,0.0,2,200.2,92,45.0,5.94,6.0
1,80,0,0,0.0,1,276.5,122,64.0,9.78,7.2
0,87,1,0,0.0,1,110.9,91,33.0,7.93,6.2
0,120,1,1,3.13,0,299.5,83,96.3,8.17,11.6
1,122,1,0,0.0,4,296.4,99,69.0,10.74,11.4
0,117,0,1,1.0,1,196.0,82,71.0,16.14,3.7
0,113,1,0,0.0,1,193.8,99,52.0,11.07,10.6
0,89,1,1,2.03,2,163.5,80,72.3,13.74,7.5
0,91,1,0,0.0,2,147.2,121,40.0,8.76,13.3
1,92,1,0,0.0,2,184.7,60,54.0,13.1,12.3
0,163,1,0,0.0,1,122.4,129,31.0,5.67,12.5
0,18,1,0,0.0,1,273.6,93,57.0,5.73,8.2
0,13,1,1,3.05,2,176.6,65,75.5,8.64,11.3
1,80,1,0,0.0,2,268.7,120,72.0,15.05,5.8
0,126,0,1,2.59,1,129.3,123,62.9,8.83,9.6
0,154,1,0,0.0,3,191.4,93,50.0,10.27,10.2
0,72,1,0,0.31,2,139.9,117,46.1,11.18,12.7
0,134,1,1,3.21,0,162.0,82,88.1,16.24,11.9
0,125,1,0,0.3,2,169.3,90,46.0,7.8,11.6
0,45,1,0,0.37,1,155.7,110,52.7,13.02,11.0
0,64,1,0,0.43,2,168.0,116,49.3,9.62,10.1
0,74,1,0,0.0,2,157.1,95,45.0,10.66,7.6
0,67,1,0,0.0,0,179.8,125,46.0,8.66,10.9
0,83,1,0,0.0,3,221.4,103,58.0,11.59,9.8
0,130,1,0,0.0,1,150.4,119,46.0,11.53,12.3
0,59,1,1,2.38,1,211.9,120,77.8,10.15,8.8
0,177,1,0,0.27,2,84.9,77,39.7,12.88,7.5
0,88,1,0,0.0,2,189.8,111,50.0,9.87,14.9
0,74,1,0,0.45,2,225.2,93,61.5,10.76,9.1
0,124,1,0,0.0,2,150.3,101,48.0,12.8,12.5
0,101,1,0,0.0,0,124.8,66,44.0,12.86,13.4
0,120,1,0,0.0,2,177.2,88,54.0,13.52,14.0
0,30,1,0,0.0,0,247.4,107,58.0,8.8,11.3
0,43,1,1,3.13,3,200.2,105,86.3,12.22,11.6
0,92,1,0,0.0,0,208.0,125,53.0,9.95,8.6
0,112,1,1,2.7,2,113.7,117,60.0,7.88,10.0
0,146,0,0,0.0,1,133.0,65,45.0,13.14,11.2
0,88,1,0,0.29,2,148.2,82,54.9,15.44,6.4
0,81,1,0,0.13,2,198.4,93,53.3,10.55,10.4
0,87,1,0,0.0,3,184.5,81,46.0,8.6,13.7
0,10,1,0,0.0,2,183.0,103,50.0,10.74,8.7
1,115,0,0,0.0,1,345.3,81,76.0,10.17,11.8
1,122,1,1,3.65,1,174.9,103,87.5,12.41,13.5
0,63,1,0,0.27,0,164.5,75,43.7,7.4,11.2
1,76,0,0,0.3,1,273.3,66,72.0,13.18,12.0
1,145,1,0,0.0,1,245.8,116,67.0,14.34,9.0
1,153,1,0,0.0,1,159.5,103,51.0,13.78,10.1
0,151,1,0,0.0,0,178.7,116,56.0,14.61,9.8
0,136,1,0,0.34,1,92.0,117,41.4,12.68,10.3
0,166,1,0,0.26,2,197.9,89,57.6,12.55,11.2
0,139,1,0,0.0,2,271.6,130,60.0,7.8,11.6
0,129,1,0,0.0,1,150.0,98,46.0,11.62,12.5
1,56,1,0,0.16,4,162.3,99,42.6,7.46,14.8
0,150,1,1,1.94,0,209.8,112,68.4,7.75,7.2
0,139,1,0,0.0,3,196.0,135,50.0,9.3,9.8
0,54,0,0,0.0,3,236.3,91,54.0,7.64,11.2
0,114,1,1,3.83,1,309.9,90,108.3,10.02,14.2
0,80,1,0,0.0,0,101.1,121,40.0,13.16,7.3
0,160,1,0,0.17,1,216.8,77,56.7,10.37,5.6
0,65,1,1,3.38,4,208.8,119,81.8,7.11,12.5
1,49,1,0,0.0,2,266.3,90,63.0,10.39,14.0
0,115,1,1,2.84,2,192.3,86,69.4,4.44,10.5
0,62,1,0,0.0,4,245.3,91,53.0,6.15,8.5
0,150,1,1,2.38,2,139.6,72,76.8,16.64,8.8
0,140,1,0,0.38,0,112.8,89,36.8,7.84,16.3
0,102,1,0,0.0,1,224.7,81,50.0,6.47,15.8
0,80,1,1,2.57,2,236.6,69,83.7,9.88,9.5
0,118,0,0,0.0,2,160.0,123,43.0,8.77,9.9
1,76,1,0,0.0,0,299.5,125,71.0,11.34,13.7
0,70,1,0,0.0,2,198.6,111,52.0,10.7,10.6
0,137,1,0,0.0,2,206.4,122,46.0,6.4,8.8
0,130,1,0,0.0,2,211.2,119,56.0,11.56,6.3
0,78,1,0,0.0,0,220.0,95,53.0,9.0,11.5
0,67,1,0,0.0,2,171.7,80,39.0,5.52,11.9
0,90,1,1,3.08,1,94.8,89,65.8,10.96,11.4
0,74,1,0,0.0,3,262.3,114,62.0,9.95,6.6
0,90,1,0,0.28,2,114.4,122,33.8,6.39,10.1
0,96,1,0,0.36,1,106.6,128,46.6,14.24,14.9
0,40,1,1,1.67,2,148.1,74,56.7,8.48,6.2
0,189,1,0,0.25,3,227.8,124,56.5,8.48,5.6
0,124,1,0,0.0,0,178.4,72,51.0,11.68,12.0
0,95,1,0,0.0,1,183.4,98,56.0,14.07,8.2
0,33,0,0,0.0,0,164.0,99,41.0,7.66,6.4
1,71,1,0,0.0,3,290.4,108,71.0,12.7,10.1
0,80,1,0,0.24,1,197.5,114,54.4,10.35,11.3
1,93,0,0,0.0,0,312.0,109,65.0,6.47,10.5
0,109,0,1,2.51,0,217.2,138,75.1,7.28,9.3
0,64,1,1,2.05,1,200.4,80,66.5,6.56,7.6
0,120,1,1,2.08,0,239.4,94,83.8,12.97,7.7
0,21,1,0,0.0,0,225.0,110,60.0,12.21,10.7
1,103,1,1,3.11,0,149.9,84,72.1,8.55,11.5
0,64,1,1,3.32,1,201.3,101,80.2,7.19,12.3
0,81,1,1,2.62,0,210.4,100,81.2,11.28,9.7
0,71,1,0,0.23,4,258.4,132,57.3,6.34,9.7
0,90,1,0,0.0,2,179.2,77,49.0,10.54,9.2
0,79,1,1,4.0,2,103.7,100,78.0,11.82,14.8
0,176,1,0,0.34,0,169.5,151,42.4,5.65,8.7
0,3,0,0,0.26,1,161.0,96,51.6,12.25,7.7
0,56,1,0,0.32,2,91.1,90,34.2,8.97,11.9
0,51,1,0,0.0,1,197.8,60,53.0,11.05,8.9
0,114,1,0,0.0,2,187.8,109,46.0,7.73,10.1
0,101,1,1,2.73,0,121.1,116,64.3,9.32,10.1
1,77,1,0,0.0,2,251.8,72,61.0,10.29,9.8
0,147,0,0,0.0,1,183.8,113,46.0,8.24,10.1
0,119,1,1,3.0,0,220.1,128,91.0,13.41,11.1
0,42,1,1,2.19,0,163.8,80,64.9,8.89,8.1
0,91,1,1,2.59,1,273.0,78,90.9,10.78,9.6
0,100,0,0,0.19,0,68.5,110,42.9,16.86,12.1
0,76,1,1,2.57,3,160.1,107,67.7,8.44,9.5
0,105,1,0,0.0,2,119.3,82,37.0,9.26,10.9
0,121,1,0,0.0,1,150.7,105,43.0,9.87,9.2
1,55,1,1,2.97,4,130.5,114,69.7,10.42,11.0
0,73,1,0,0.0,1,214.3,145,60.0,13.43,10.8
0,98,1,0,0.33,0,236.2,122,60.3,9.47,13.3
0,190,1,0,0.26,0,142.9,96,42.6,8.9,6.6
0,71,1,1,3.81,1,175.7,82,90.1,12.95,14.1
0,77,1,0,0.0,1,67.7,68,29.0,9.79,12.0
0,172,1,1,2.38,1,274.9,102,86.8,9.33,8.8
0,106,1,0,0.0,1,191.4,124,50.0,10.04,8.2
0,49,1,0,0.15,1,236.6,91,60.5,11.05,8.9
0,127,1,1,1.3,0,173.0,91,64.0,12.29,4.8
0,172,1,0,0.0,2,169.8,123,45.0,9.16,12.7
1,28,1,0,0.0,6,121.7,48,32.0,6.29,8.3
0,205,1,0,0.32,2,49.9,123,25.2,7.54,10.1
0,63,1,1,1.78,1,142.3,107,52.8,5.94,6.6
0,110,1,0,0.0,1,131.9,93,46.0,13.64,7.1
0,117,1,0,0.0,1,102.8,119,36.0,10.34,10.1
1,99,0,0,0.0,0,242.3,102,72.0,17.55,11.3
0,112,1,0,0.26,3,189.4,83,53.6,10.95,7.1
0,138,1,0,0.0,3,127.1,102,43.0,12.39,5.0
1,122,0,0,0.3,4,140.0,101,44.0,9.82,9.7
0,90,1,0,0.0,2,207.2,121,61.0,14.63,8.0
0,112,1,1,3.11,1,198.8,122,86.1,11.93,11.5
0,55,1,1,2.32,2,105.3,82,58.2,9.87,8.6
0,64,0,0,0.26,3,146.7,83,40.6,7.42,12.5
0,111,1,0,0.39,2,110.4,103,34.9,6.87,7.7
1,52,0,0,0.0,0,251.4,118,60.0,9.83,11.0
0,6,1,0,0.0,1,183.6,117,54.0,12.84,10.2
0,58,1,0,0.0,1,149.4,145,43.0,9.83,14.9
0,93,1,1,3.05,7,152.3,90,79.5,13.38,11.3
0,149,1,0,0.0,7,166.6,61,47.0,10.94,8.2
1,51,0,0,0.0,0,153.6,108,46.0,11.65,14.1
0,91,1,0,0.0,1,217.9,71,57.0,11.51,10.6
0,108,1,0,0.0,2,73.8,105,25.0,7.17,10.9
0,85,0,0,0.0,2,165.4,107,45.0,9.8,9.6
0,130,1,0,0.26,2,132.4,81,42.6,10.02,6.0
0,41,1,0,0.34,1,209.9,105,50.4,6.1,9.6
0,1,1,0,0.0,1,144.8,107,35.0,5.63,13.8
0,111,1,1,1.92,1,127.1,94,61.2,11.42,7.1
0,61,1,0,0.0,2,188.9,105,46.0,7.68,10.2
0,110,1,1,2.62,1,236.3,102,83.2,9.8,9.7
0,84,1,1,3.05,0,214.3,112,83.5,9.41,11.3
0,31,1,1,1.59,0,100.1,54,53.9,12.32,5.9
0,120,1,0,0.0,2,184.5,103,50.0,10.45,10.2
0,89,1,0,0.15,0,192.1,83,48.5,8.18,6.1
1,113,1,0,0.0,1,272.1,111,70.0,13.43,8.5
0,137,1,0,0.27,2,205.9,88,55.7,10.47,14.5
0,165,1,0,0.0,6,154.2,91,50.0,13.43,10.9
0,112,1,0,0.29,0,194.4,101,52.9,9.52,11.4
0,194,1,0,0.0,0,193.3,106,48.0,8.45,11.8
1,37,0,0,0.0,0,172.9,119,45.0,9.15,9.8
0,87,0,0,0.0,1,167.3,119,46.0,9.93,11.0
0,63,1,1,3.32,1,152.2,119,79.2,11.36,12.3
1,101,1,0,0.0,4,158.4,92,43.0,9.4,13.5
1,137,0,0,0.0,0,237.3,103,56.0,8.84,14.2
0,120,1,1,2.86,0,244.3,140,97.6,16.12,10.6
0,23,1,0,0.0,6,190.2,89,47.0,8.32,15.0
1,94,1,0,0.0,4,157.9,105,41.0,7.75,8.0
0,63,0,1,2.7,1,151.5,99,66.0,7.39,10.0
1,57,0,0,0.0,0,115.0,65,30.0,6.12,6.4
0,87,1,1,2.75,2,125.0,99,69.5,11.77,10.2
0,85,1,0,0.0,1,176.4,122,50.0,11.25,11.5
0,95,1,0,0.44,3,156.6,88,52.4,12.38,12.3
0,160,1,0,0.18,1,166.8,109,50.8,11.8,9.3
0,61,0,1,3.05,0,143.5,76,76.5,12.13,11.3
0,75,1,1,3.02,1,248.9,93,87.2,8.54,11.2
1,60,0,1,3.78,0,265.9,113,101.8,10.79,14.0
0,138,1,0,0.0,0,205.9,96,57.0,12.86,12.1
0,145,1,0,0.0,2,187.9,110,49.0,9.85,4.8
0,96,1,1,3.0,2,175.8,96,78.0,10.33,11.1
1,97,0,0,0.38,0,236.9,107,57.8,7.88,7.3
0,95,1,1,2.65,0,165.7,78,73.5,10.78,9.8
1,111,1,0,0.0,5,123.1,88,40.0,10.7,12.0
1,71,1,0,0.0,0,238.0,82,65.0,13.93,11.8
0,148,1,0,0.29,2,243.0,115,60.9,9.59,13.4
0,136,1,0,0.0,0,109.4,91,37.0,10.38,11.6
1,99,1,0,0.0,3,256.4,44,62.0,10.73,7.9
0,149,0,0,0.18,0,176.2,87,44.8,7.25,5.7
0,38,1,0,0.0,0,149.0,92,30.0,2.46,13.9
0,139,1,1,2.24,2,231.0,85,81.4,11.12,8.3
0,106,1,1,3.54,0,220.1,105,92.4,11.11,13.1
0,128,1,0,0.36,3,247.3,91,61.6,9.14,14.7
0,104,1,0,0.0,0,263.4,101,65.0,11.78,13.0
0,132,1,0,0.0,0,222.4,85,52.0,8.27,11.2
1,99,1,0,0.0,7,115.5,75,39.0,10.91,11.5
0,170,1,0,0.21,0,246.4,107,64.1,11.41,9.1
1,44,1,0,0.21,3,288.1,112,73.1,12.9,10.2
1,98,1,0,0.38,5,227.1,116,52.8,6.03,4.7
0,65,1,0,0.0,1,136.1,112,47.0,13.65,4.4
0,75,1,0,0.26,1,209.4,133,56.6,10.58,7.2
0,93,1,0,0.0,1,98.4,78,38.0,12.48,14.2
0,85,1,0,0.0,1,144.4,88,48.0,13.23,9.9
0,117,1,0,0.19,1,184.5,97,63.9,17.58,8.7
1,130,0,0,0.0,5,216.2,106,68.0,18.19,16.9
0,103,1,1,2.08,2,121.0,105,64.8,13.52,7.7
0,114,1,0,0.4,1,172.0,145,57.0,13.82,10.1
0,67,1,1,2.59,1,104.9,65,62.9,10.82,9.6
0,78,1,0,0.0,0,193.1,85,48.0,8.61,10.2
0,95,1,0,0.0,4,238.1,65,57.0,9.36,11.8
0,112,1,1,3.0,4,213.0,121,86.0,11.31,11.1
0,157,1,1,1.84,3,192.6,107,68.4,9.78,6.8
0,41,1,1,1.94,0,213.8,102,68.4,7.09,7.2
0,63,1,0,0.19,0,180.5,126,52.9,11.5,10.6
0,121,1,0,0.0,5,215.6,74,54.0,9.65,10.1
0,87,1,1,3.02,0,143.5,106,74.2,11.18,11.2
0,132,1,1,3.11,0,182.9,54,87.1,14.62,11.5
0,99,1,1,2.08,3,244.1,71,79.8,10.17,7.7
0,143,1,0,0.0,1,133.4,107,42.0,11.2,10.2
1,36,0,1,5.4,0,196.8,89,110.0,12.75,20.0
0,142,1,0,0.42,0,216.8,134,57.2,9.39,8.3
0,106,1,0,0.0,2,147.9,97,43.0,10.47,8.8
0,50,1,0,0.29,1,295.3,127,64.9,6.37,9.6
0,139,0,0,0.0,0,161.5,121,44.0,9.65,11.2
0,120,1,1,0.0,1,128.5,115,36.0,8.19,0.0
0,59,1,0,0.19,0,159.5,96,43.9,8.36,10.2
0,135,1,0,0.0,1,173.4,107,49.0,11.1,13.7
0,151,1,0,0.43,0,175.3,106,47.3,7.22,11.8
0,109,1,0,0.0,0,200.1,72,60.0,15.05,11.9
0,159,1,1,3.4,2,153.6,93,79.0,10.85,12.6
0,224,1,0,0.21,3,111.4,133,36.1,8.75,5.5
0,82,1,0,0.0,1,125.7,96,40.0,10.38,12.9
0,195,1,1,3.27,0,231.7,110,91.7,11.26,12.1
0,68,1,0,0.33,0,226.7,94,56.3,8.42,10.2
0,104,1,0,0.23,2,182.9,113,54.3,11.98,5.5
1,60,1,0,0.0,2,289.8,101,71.0,12.78,11.7
0,54,1,0,0.0,1,273.8,113,57.0,5.98,11.7
0,70,1,0,0.31,0,177.4,125,53.1,11.31,10.9
0,86,1,1,3.29,1,167.6,139,71.9,5.65,12.2
0,115,1,1,3.67,6,170.5,107,84.7,10.86,13.6
0,152,1,0,0.0,2,140.5,92,40.0,9.34,9.5
0,110,1,0,0.0,4,242.5,110,56.0,8.12,7.8
1,94,1,0,0.28,3,269.2,104,65.8,9.69,8.9
0,96,1,1,3.05,1,261.3,96,94.5,11.05,11.3
0,55,1,1,2.19,3,139.3,101,60.9,8.92,8.1
1,86,0,0,0.0,2,162.4,131,42.0,8.35,11.4
0,39,1,0,0.0,1,187.2,110,42.0,5.74,13.2
0,94,1,0,0.0,0,85.9,113,34.0,11.34,15.6
0,142,1,1,1.16,0,163.3,104,51.6,6.8,4.3
1,95,1,0,0.0,6,128.6,115,41.0,10.81,6.3
0,104,1,0,0.0,2,139.7,78,41.0,10.13,11.3
0,132,0,1,3.48,2,200.3,75,88.8,11.33,12.9
0,91,1,0,0.0,1,109.8,100,35.0,9.48,11.1
0,73,1,0,0.0,0,254.7,80,51.0,4.51,10.6
0,139,1,0,0.0,3,192.8,104,53.0,11.72,13.0
0,162,1,1,3.27,0,224.9,97,87.7,9.41,12.1
0,100,1,1,2.0,0,177.1,88,65.0,8.19,7.4
0,109,1,0,0.0,1,217.0,115,55.0,10.35,8.2
1,16,1,0,0.0,0,229.6,78,57.0,10.29,10.8
0,165,1,0,0.13,1,150.5,75,43.3,9.66,10.3
0,61,1,1,2.94,3,270.7,53,93.4,10.04,10.9
0,56,1,1,1.32,1,37.7,115,32.2,7.21,4.9
0,80,1,0,0.0,0,194.8,116,51.0,10.5,12.8
0,126,1,1,3.4,3,114.3,102,70.0,9.52,12.6
0,88,0,1,3.51,1,288.5,114,102.1,10.17,13.0
0,66,1,1,2.3,0,141.7,87,70.0,13.42,8.5
0,100,0,0,0.0,4,219.4,112,57.0,11.29,12.0
0,105,1,0,0.3,1,146.4,81,48.0,11.26,8.5
0,89,1,1,2.86,1,215.1,140,82.6,9.87,10.6
0,55,1,1,3.38,2,189.3,95,76.8,5.93,12.5
0,160,1,0,0.0,0,82.7,116,31.0,9.73,10.9
1,74,1,0,0.32,2,298.1,112,71.2,10.07,9.7
0,66,1,1,3.27,1,106.7,76,68.7,10.49,12.1
0,85,1,1,2.57,2,229.6,123,76.7,6.62,9.5
1,117,0,0,0.0,1,287.4,118,71.0,12.98,10.0
0,30,1,0,0.0,0,227.4,88,55.0,9.13,12.5
0,84,1,1,2.03,4,207.5,138,73.3,10.05,7.5
0,96,1,0,0.0,1,173.9,111,54.0,14.37,9.1
0,125,1,0,0.3,1,140.1,132,45.0,10.48,8.0
0,79,1,0,0.0,1,205.7,123,54.0,10.73,6.7
0,135,1,0,0.17,2,239.9,91,57.7,8.86,5.9
0,94,1,1,4.35,0,233.2,88,93.5,5.67,16.1
0,83,1,0,0.0,1,208.9,71,54.0,10.74,13.0
0,121,1,0,0.32,1,213.2,79,50.2,6.04,7.5
0,99,1,0,0.0,3,146.7,64,49.0,13.7,8.9
1,131,0,1,3.73,4,292.9,101,104.3,9.99,13.8
0,127,1,0,0.35,1,134.9,79,45.5,11.08,15.0
0,139,1,1,3.48,2,96.2,112,66.8,8.95,12.9
0,109,1,0,0.42,2,218.9,105,67.2,15.0,11.3
0,41,1,0,0.21,3,202.9,97,50.1,7.69,9.0
0,113,1,0,0.0,3,92.6,85,31.0,8.88,14.4
0,138,1,1,2.21,0,75.8,102,50.1,8.68,8.2
0,49,1,0,0.0,2,119.4,69,44.0,13.67,12.4
0,82,0,0,0.0,3,208.8,101,54.0,10.69,12.4
1,53,1,0,0.0,9,228.6,117,51.0,6.64,10.1
0,136,1,0,0.3,2,142.3,79,41.0,7.9,6.0
0,38,1,0,0.0,3,194.4,94,49.0,9.34,10.8
1,55,0,0,0.32,1,191.9,91,58.2,12.81,14.3
0,90,1,0,0.0,1,125.4,158,45.0,13.46,11.0
0,124,1,0,0.0,3,157.4,107,42.0,8.39,8.8
0,97,1,1,1.32,3,141.0,101,55.2,10.6,4.9
1,69,0,1,2.21,1,271.5,98,90.1,12.67,8.2
0,146,0,0,0.0,1,111.1,126,46.0,15.67,10.5
0,130,1,1,2.35,0,141.9,92,67.5,11.45,8.7
0,123,1,0,0.15,3,211.0,92,56.5,10.85,9.8
0,62,1,0,0.0,3,186.8,94,50.0,10.38,8.8
0,151,1,0,0.0,0,170.2,89,45.0,9.38,4.3
0,116,1,0,0.16,1,63.7,101,29.6,9.79,10.0
0,132,1,1,1.92,2,113.2,96,62.2,13.5,7.1
1,81,1,0,0.0,1,261.4,141,63.0,10.79,8.0
0,133,1,0,0.0,1,162.1,91,46.0,10.61,12.2
0,121,1,1,1.59,0,193.8,62,65.9,9.88,5.9
0,70,1,1,2.65,1,249.5,101,91.5,12.99,9.8
0,163,1,1,3.35,2,215.1,91,82.5,6.95,12.4
0,84,1,0,0.0,1,146.8,133,40.0,8.59,9.9
0,147,1,0,0.31,0,155.1,117,50.1,11.99,10.6
1,109,0,0,0.0,2,268.4,85,59.0,7.53,9.7
0,29,1,0,0.0,2,196.8,81,48.0,8.4,12.7
0,134,1,0,0.0,2,7.8,86,16.0,8.57,12.9
0,100,1,0,0.0,1,166.0,102,49.0,11.81,10.9
1,125,1,0,0.0,4,143.2,80,32.0,4.41,8.8
0,144,1,0,0.0,0,133.3,101,45.0,12.78,11.6
0,37,1,0,0.0,0,191.1,69,44.0,6.46,12.9
0,60,1,0,0.0,3,193.9,118,41.0,4.25,13.2
0,101,0,0,0.0,1,156.4,116,38.0,6.52,7.3
0,58,1,0,0.0,2,238.9,107,57.0,9.36,11.8
0,137,1,0,0.26,0,144.0,90,42.6,9.08,12.3
0,107,1,1,2.21,1,134.2,101,63.1,10.6,8.2
0,42,1,0,0.0,1,146.3,84,47.0,12.8,8.0
0,98,1,0,0.41,1,187.2,127,53.1,9.78,5.1
1,83,1,0,0.0,0,337.4,120,77.0,11.37,15.8
1,54,1,0,0.21,2,247.5,85,64.1,11.27,10.2
0,103,1,1,2.4,0,107.7,124,59.0,9.45,8.9
0,28,1,0,0.0,2,180.8,109,56.0,14.44,14.1
0,87,1,1,0.0,1,165.8,122,45.0,9.35,0.0
0,22,1,1,1.13,1,199.1,100,64.3,11.09,4.2
0,186,1,0,0.0,1,137.8,97,40.0,9.39,8.7
0,69,1,0,0.41,0,195.1,91,60.1,13.08,11.4
0,52,1,0,0.0,3,129.3,80,35.0,7.14,12.3
0,126,0,0,0.0,2,197.6,126,55.0,12.33,12.5
0,68,1,0,0.0,1,195.4,116,52.0,10.61,15.1
0,105,1,1,2.19,2,236.5,111,72.9,5.85,8.1
0,163,1,0,0.0,1,223.0,120,58.0,11.35,8.8
0,60,1,0,0.0,1,145.0,133,43.0,10.46,14.6
0,39,1,0,0.0,0,93.3,83,33.0,9.98,6.5
0,11,1,1,1.62,3,190.6,86,68.2,11.01,6.0
0,88,1,0,0.0,2,172.8,81,46.0,9.67,12.8
0,46,1,0,0.26,2,214.1,72,53.6,8.22,8.2
0,142,0,0,0.0,1,140.8,140,44.0,11.43,10.9
0,160,1,0,0.0,3,256.0,111,60.0,9.37,11.5
0,67,1,0,0.0,0,201.4,101,43.0,4.88,7.0
0,73,1,0,0.0,0,213.0,95,53.0,9.44,13.5
0,73,1,0,0.0,0,157.1,109,50.0,13.44,10.0
0,125,1,1,2.54,1,96.5,109,54.4,7.29,9.4
1,128,1,0,0.0,1,227.9,130,65.0,15.13,5.5
0,137,1,0,0.0,3,242.1,118,58.0,9.55,14.7
0,150,1,1,2.97,1,174.4,75,74.7,8.5,11.0
0,105,1,0,0.0,4,162.3,99,46.0,10.63,11.1
0,142,1,0,0.0,1,232.1,102,54.0,8.41,9.9
1,115,0,0,0.0,1,249.9,95,64.0,12.13,15.3
0,93,1,0,0.0,1,179.3,93,47.0,9.44,12.1
0,176,1,0,0.0,3,223.2,76,57.0,10.72,10.1
0,123,1,0,0.24,0,204.4,88,49.4,6.88,10.0
0,166,1,0,0.39,1,220.7,106,56.9,8.89,12.4
0,196,1,0,0.0,2,234.0,109,61.0,12.48,9.1
0,99,1,0,0.0,3,217.2,112,58.0,12.34,15.8
1,119,1,0,0.0,2,287.1,115,63.0,7.97,13.9
0,95,1,1,2.0,0,160.3,87,65.0,10.12,7.4
0,58,1,1,3.11,2,224.1,127,90.1,11.94,11.5
0,117,1,0,0.39,1,119.0,82,40.9,9.38,11.5
0,66,1,1,1.46,2,254.9,108,78.6,12.16,5.4
1,93,1,0,0.29,1,328.1,106,71.9,7.59,8.7
0,72,1,0,0.0,0,109.1,97,29.0,5.79,8.3
0,120,1,0,0.0,1,252.1,110,63.0,11.31,13.8
0,9,1,1,3.11,2,88.5,87,62.1,8.94,11.5
0,130,1,0,0.35,1,176.9,109,41.5,4.54,9.5
0,122,1,0,0.0,0,144.2,87,43.0,10.61,9.5
0,175,1,0,0.0,1,132.0,95,43.0,11.56,8.7
0,95,1,1,2.73,1,260.8,130,90.3,10.67,10.1
0,117,1,0,0.0,2,149.9,95,48.0,12.81,13.3
0,152,1,0,0.22,2,101.2,122,32.2,7.08,7.5
0,134,1,1,3.0,2,208.8,130,77.0,6.65,11.1
1,144,1,1,1.76,2,189.8,96,60.6,6.17,6.5
0,138,1,0,0.28,3,171.4,117,41.8,5.76,17.0
0,115,1,0,0.0,3,109.7,148,38.0,11.19,15.4
0,122,1,0,0.23,2,140.1,120,46.3,11.57,11.2
0,108,1,0,0.0,2,240.2,78,61.0,11.52,5.2
0,186,1,1,3.92,2,74.3,107,67.2,8.87,14.5
1,89,0,1,3.0,0,112.6,114,72.0,13.09,11.1
0,70,1,0,0.17,0,126.3,99,35.7,7.08,9.6
0,120,1,0,0.0,1,158.0,110,44.0,9.85,10.0
0,79,1,0,0.0,1,41.9,124,26.0,10.55,11.4
0,110,1,0,0.0,1,55.3,102,24.0,8.24,10.2
0,138,1,1,2.62,3,155.2,139,76.2,13.42,9.7
0,63,1,0,0.0,3,117.1,118,42.0,12.48,11.1
0,159,1,0,0.0,1,169.8,114,46.0,9.89,11.6
0,71,1,1,1.51,2,141.4,107,53.1,8.15,5.6
0,181,1,0,0.0,1,143.3,91,41.0,9.78,6.0
0,119,1,0,0.39,1,176.8,90,53.9,11.24,7.5
0,145,1,0,0.0,0,241.7,137,53.0,6.79,13.1
0,66,1,0,0.0,2,256.3,135,59.0,9.01,6.2
0,55,1,0,0.0,2,286.7,100,61.0,6.72,6.9
0,114,1,0,0.0,2,193.0,101,55.0,12.5,9.6
0,52,1,0,0.0,4,209.8,114,51.0,8.57,9.9
0,86,1,1,3.21,3,253.1,112,93.1,10.51,11.9
0,44,1,0,0.35,0,204.6,117,56.5,10.26,10.7
1,148,0,0,0.21,0,233.5,81,58.1,9.39,9.6
1,116,1,0,0.0,0,288.0,120,71.0,12.79,13.4
1,111,1,0,0.0,0,249.8,109,64.0,12.12,11.6
0,123,1,0,0.36,1,172.2,92,47.6,8.13,8.7
0,149,1,1,2.75,0,147.8,132,76.5,13.84,10.2
0,88,1,0,0.31,1,181.5,116,50.1,9.35,10.5
0,132,1,0,0.0,1,117.6,66,39.0,10.7,8.8
0,96,1,1,2.65,1,172.7,86,67.5,6.67,9.8
0,159,1,0,0.0,1,87.7,103,39.0,13.91,10.5
1,101,1,0,0.0,5,89.7,118,38.0,13.01,13.5
0,85,1,0,0.0,3,255.3,114,60.0,9.73,3.7
0,109,1,0,0.27,0,162.6,138,43.7,7.7,11.5
0,112,1,0,0.0,2,101.1,119,36.0,10.72,10.3
0,89,1,0,0.38,2,89.7,80,34.8,8.99,9.5
0,130,1,0,0.32,0,252.0,101,61.2,8.51,5.7
0,84,1,0,0.26,2,190.2,102,52.6,9.89,9.8
0,1,1,0,0.0,0,123.8,113,42.0,11.81,3.7
0,54,1,1,3.05,2,117.6,82,64.5,7.96,11.3
0,134,1,0,0.0,2,258.8,85,56.0,6.48,10.9
0,141,1,0,0.32,1,83.2,74,34.2,9.53,10.7
0,129,0,0,0.39,1,192.9,131,52.9,9.28,10.9
0,67,1,0,0.22,4,310.4,97,61.2,3.33,9.2
0,50,1,0,0.0,1,183.6,107,37.0,2.93,8.7
0,15,1,0,0.0,2,135.2,101,36.0,7.63,8.4
0,68,1,0,0.0,1,158.8,119,45.0,10.59,10.3
1,149,1,0,0.0,3,242.5,83,63.0,12.27,10.0
0,78,1,0,0.0,1,231.0,115,59.0,11.52,9.5
0,121,1,1,2.03,3,218.2,88,87.3,17.43,7.5
0,55,1,1,1.97,1,207.7,91,72.7,9.99,7.3
0,51,1,0,0.0,1,259.9,114,60.0,8.81,15.3
0,174,1,1,3.35,1,221.8,143,89.5,10.53,12.4
0,57,1,0,0.0,3,161.0,113,46.0,10.4,8.4
0,144,1,1,2.7,1,219.9,102,84.0,11.11,10.0
0,131,1,0,0.0,0,112.8,133,37.0,9.97,10.1
0,36,1,1,2.46,1,152.8,110,71.6,12.14,9.1
0,129,1,0,0.0,4,186.0,127,54.0,13.12,11.5
0,123,1,0,0.0,0,159.5,77,53.0,15.19,12.0
0,74,1,0,0.0,2,124.0,102,44.0,13.11,11.7
1,162,1,1,2.51,1,179.7,144,75.1,10.91,9.3
0,133,1,1,1.81,5,239.9,107,81.1,12.69,6.7
0,80,1,0,0.0,0,151.5,89,37.0,6.59,11.8
0,146,1,0,0.0,3,205.4,101,47.0,6.75,10.3
0,51,1,0,0.0,1,181.5,108,48.0,9.85,10.3
0,79,1,0,0.0,1,152.2,112,41.0,8.86,5.3
1,155,1,0,0.0,0,203.4,100,51.0,9.55,8.9
0,38,1,0,0.0,2,117.3,114,38.0,10.44,14.4
0,82,1,1,2.97,2,137.8,95,73.7,11.78,11.0
0,108,1,0,0.0,0,199.3,104,53.0,11.21,15.2
0,88,1,0,0.0,1,142.2,107,47.0,13.12,10.1
0,109,1,1,2.43,4,217.5,123,81.3,11.69,9.0
0,121,1,1,2.59,1,215.5,95,83.9,12.09,9.6
0,197,1,0,0.0,0,233.9,96,59.0,10.95,9.5
1,125,1,0,0.0,0,240.7,82,64.0,13.47,10.1
0,101,1,0,0.0,1,174.9,105,52.0,13.1,8.5
0,90,1,1,3.0,2,185.6,106,81.0,10.99,11.1
0,70,1,0,0.0,1,230.3,110,46.0,3.9,13.2
0,63,1,0,0.0,0,149.3,104,49.0,13.68,9.1
0,77,1,0,0.0,3,185.9,95,50.0,10.6,11.3
0,83,1,1,3.54,3,155.9,122,76.4,8.12,13.1
0,37,1,0,0.3,4,221.0,126,58.0,10.23,6.8
0,147,1,1,3.81,2,243.4,126,103.1,13.69,14.1
1,74,1,0,0.0,3,314.1,86,73.0,11.12,12.3
0,59,1,0,0.0,0,195.0,58,51.0,9.93,14.8
0,19,1,1,3.05,1,156.6,97,76.5,11.21,11.3
0,19,1,0,0.31,1,201.5,123,49.1,6.46,12.9
0,83,1,0,0.0,3,231.3,100,58.0,10.52,12.4
0,41,1,0,0.0,1,207.2,138,54.0,10.71,11.9
0,147,1,0,0.26,2,124.4,74,51.6,16.05,10.4
0,138,0,1,3.16,0,225.2,116,85.6,8.67,11.7
1,90,0,0,0.0,4,148.2,96,44.0,11.02,9.2
0,80,1,0,0.0,3,51.5,90,23.0,8.2,9.5
0,149,1,1,3.86,1,198.9,77,96.6,13.7,14.3
0,50,1,1,2.86,1,214.3,129,90.6,14.49,10.6
0,86,1,0,0.0,1,92.8,92,30.0,7.98,8.8
0,180,1,1,2.05,1,231.8,78,80.5,11.65,7.6
0,111,1,0,0.0,0,176.4,62,48.0,10.05,11.2
0,145,1,0,0.0,1,229.6,82,51.0,6.91,3.3
0,78,1,0,0.0,1,130.8,64,42.0,11.19,10.0
0,21,1,1,2.57,6,135.9,90,72.7,13.55,9.5
1,88,1,0,0.0,5,131.5,99,38.0,8.74,7.9
0,92,1,0,0.29,1,212.4,105,58.9,11.23,9.0
0,58,1,0,0.29,2,243.1,105,63.9,11.57,7.8
0,13,1,0,0.0,2,143.1,139,45.0,11.98,7.1
0,29,0,1,1.54,2,235.0,101,71.4,9.17,5.7
1,135,1,0,0.0,5,263.8,66,67.0,12.57,8.4
0,64,1,0,0.26,3,124.1,117,40.6,9.64,6.4
0,149,1,0,0.0,1,140.4,94,47.0,13.59,11.1
0,103,1,0,0.0,0,160.2,104,40.0,6.95,9.7
0,146,1,1,2.0,2,149.6,96,66.0,11.99,7.4
0,32,1,0,0.0,0,230.9,87,56.0,9.37,6.3
0,50,1,1,3.67,3,302.7,93,108.7,12.03,13.6
1,91,0,0,0.0,2,145.0,89,40.0,8.79,16.7
0,127,1,1,3.29,2,129.7,115,68.9,8.04,12.2
0,71,1,0,0.21,0,211.2,70,60.1,12.64,12.3
0,95,1,0,0.0,2,203.4,96,49.0,8.43,13.7
0,137,1,0,0.36,1,97.5,95,37.6,9.79,0.0
0,68,1,1,1.65,1,160.0,72,59.5,9.23,6.1
0,36,1,0,0.0,2,177.9,129,50.0,11.23,10.8
0,137,1,1,2.11,0,175.3,96,72.1,12.07,7.8
0,116,1,0,0.0,2,110.9,54,37.0,10.67,7.9
0,68,1,0,0.11,3,222.8,99,54.1,8.79,11.0
0,92,1,0,0.0,0,249.4,118,61.0,10.58,9.1
0,73,1,0,0.0,1,122.0,92,33.0,6.92,5.8
0,54,1,0,0.0,1,116.8,119,31.0,6.16,12.0
0,72,1,1,4.46,1,186.7,108,105.6,16.75,16.5
0,76,1,0,0.0,0,198.3,130,53.0,10.86,12.5
0,65,1,0,0.0,1,207.7,109,54.0,10.88,8.0
1,109,1,1,3.32,1,166.9,85,81.2,11.06,12.3
0,105,1,1,2.7,0,179.4,113,81.0,13.77,10.0
0,107,0,0,0.0,2,273.5,104,63.0,9.19,11.0
0,137,1,0,0.0,0,208.8,120,55.0,11.27,11.1
0,115,1,1,2.59,1,142.1,124,65.9,9.17,9.6
0,70,1,0,0.0,0,175.4,130,44.0,7.98,11.6
0,144,1,1,1.0,0,105.0,86,39.0,6.09,3.7
0,63,1,0,0.0,1,128.7,78,43.0,12.04,12.8
0,116,1,1,3.13,2,268.6,83,92.3,8.91,11.6
0,129,1,0,0.0,2,198.4,91,57.0,13.24,9.2
0,85,1,0,0.0,4,183.4,111,46.0,8.44,9.9
0,93,1,0,0.19,1,152.1,141,46.9,10.78,12.0
1,145,1,0,0.0,1,224.2,89,65.0,15.75,16.1
0,63,1,1,2.21,0,214.9,86,76.1,9.91,8.2
0,62,1,0,0.0,0,172.4,132,49.0,11.53,11.0
0,124,1,0,0.0,3,158.6,104,45.0,10.56,10.2
0,137,1,0,0.23,1,155.5,81,40.3,6.66,9.1
0,140,1,0,0.26,1,162.6,98,48.6,10.31,8.2
1,13,1,0,0.0,0,303.2,133,67.0,8.53,11.5
0,86,1,0,0.0,3,194.2,98,50.0,9.69,9.3
0,75,1,0,0.0,1,143.2,92,43.0,10.46,11.9
0,96,1,0,0.21,2,160.2,117,52.1,13.38,9.3
0,93,0,0,0.32,1,168.4,114,56.2,13.8,11.4
1,132,1,0,0.0,1,291.2,104,70.0,11.71,8.9
0,92,1,1,2.75,0,141.6,95,69.5,10.4,10.2
1,92,0,0,0.0,1,62.6,111,26.0,9.03,10.4
0,41,1,0,0.19,1,159.3,66,39.9,6.3,11.1
0,22,1,1,3.43,3,182.1,94,79.3,8.23,12.7
0,119,1,0,0.0,1,134.9,70,41.0,10.58,11.3
0,120,1,0,0.0,3,180.0,80,50.0,11.21,4.7
0,147,1,0,0.0,2,209.4,104,47.0,6.63,11.3
0,131,1,0,0.0,1,166.5,129,47.0,10.51,9.9
0,68,1,0,0.34,3,231.1,57,56.4,7.67,9.6
0,127,1,0,0.27,2,218.6,93,52.7,7.5,9.2
0,94,1,0,0.0,1,194.1,62,53.0,11.36,15.3
0,130,1,1,2.0,0,185.0,117,73.0,12.48,7.4
0,42,1,0,0.0,0,155.4,127,41.0,8.21,9.0
0,127,1,1,2.48,3,2.6,113,47.8,12.7,9.2
0,146,1,0,0.0,1,109.0,69,42.0,13.29,12.6
0,82,1,1,2.38,2,163.8,77,63.8,6.75,8.8
0,148,1,0,0.15,1,203.0,92,49.5,7.55,14.6
0,80,1,0,0.0,1,113.2,86,36.0,9.28,9.5
0,21,1,1,3.48,3,132.7,94,74.8,10.23,12.9
0,118,1,0,0.0,2,224.6,94,58.0,11.3,12.5
1,149,0,1,2.38,5,126.9,97,59.8,8.35,8.8
0,102,1,0,0.0,4,234.8,125,57.0,9.96,10.0
0,79,1,0,0.0,2,236.8,135,57.0,9.32,10.4
0,13,1,0,0.0,4,193.2,89,50.0,9.72,9.7
0,87,1,0,0.0,2,153.3,106,46.0,11.23,8.9
0,123,1,0,0.0,3,206.9,115,55.0,11.22,8.3
0,60,1,0,0.0,2,252.7,97,62.0,11.06,12.4
0,91,1,1,2.46,1,216.6,101,76.6,8.66,9.1
0,65,1,0,0.28,2,192.0,89,47.8,6.98,5.5
1,17,1,1,2.7,6,153.1,115,69.0,9.3,10.0
0,71,1,1,3.54,1,115.4,90,74.4,10.87,13.1
0,145,1,0,0.0,1,199.2,124,45.0,6.3,7.6
0,137,1,0,0.0,0,174.4,120,43.0,7.82,10.2
0,56,1,0,0.0,4,222.7,133,62.0,13.85,13.6
0,126,1,0,0.0,0,175.4,120,39.0,4.92,10.6
0,99,1,0,0.0,3,238.4,96,62.0,12.33,12.4
1,53,1,0,0.31,0,261.2,119,69.1,12.54,9.8
1,42,1,0,0.0,1,303.9,106,72.0,11.61,5.8
0,93,1,1,3.16,0,306.2,123,100.6,9.49,11.7
0,157,1,1,1.92,1,194.3,107,73.2,12.16,7.1
0,142,1,1,2.92,1,154.0,75,70.2,8.29,10.8
1,115,1,0,0.0,3,226.4,101,63.0,13.84,12.3
1,103,1,0,0.0,8,150.6,125,40.0,8.46,10.4
0,83,1,0,0.0,1,227.9,78,57.0,10.38,12.1
0,84,1,0,0.0,1,181.5,129,42.0,6.54,8.5
1,104,1,0,0.0,0,234.2,128,65.0,14.66,9.8
0,99,1,0,0.0,1,159.7,83,41.0,7.77,8.4
0,161,1,0,0.32,3,221.7,95,58.2,9.65,6.5
0,148,1,0,0.39,1,178.3,98,58.9,14.13,11.4
0,98,1,0,0.0,3,72.8,107,29.0,9.32,10.5
0,94,1,0,0.0,1,177.1,112,47.0,9.7,5.9
0,140,1,0,0.0,3,231.9,101,54.0,8.01,14.3
0,148,1,0,0.0,1,86.3,134,36.0,12.33,11.3
0,124,1,0,0.0,3,234.4,61,56.0,8.97,10.4
0,149,1,1,3.05,2,264.4,102,94.5,10.98,11.3
0,50,0,1,2.16,0,307.1,94,98.6,14.47,8.0
0,77,1,0,0.0,2,144.9,136,38.0,7.57,12.3
0,137,1,0,0.0,0,243.4,114,52.0,6.06,12.2
0,102,1,0,0.0,4,174.5,73,48.0,10.69,10.3
0,92,1,0,0.16,3,201.9,74,55.6,11.34,13.7
0,73,1,0,0.0,2,187.8,95,45.0,7.46,11.0
0,78,1,0,0.0,0,225.1,67,56.0,9.96,14.6
0,125,1,1,2.46,2,236.1,107,89.6,14.46,9.1
1,40,1,0,0.0,6,81.7,123,32.0,10.51,11.3
0,43,1,0,0.0,1,84.2,134,22.0,4.04,10.8
0,114,1,1,3.08,1,206.2,79,88.8,13.0,11.4
0,138,1,0,0.43,2,170.5,87,44.3,5.91,11.2
0,94,1,0,0.0,2,220.8,111,51.0,7.81,10.5
0,118,1,1,3.43,2,91.5,125,69.3,11.0,12.7
0,87,1,0,0.0,1,156.8,93,45.0,10.79,7.6
0,117,1,0,0.0,1,134.7,121,39.0,9.0,7.7
0,156,1,0,0.33,1,178.8,94,49.3,8.92,7.5
0,114,1,1,3.11,2,137.1,88,68.1,7.79,11.5
1,108,1,0,0.0,0,198.5,99,57.0,13.39,9.4
0,108,1,0,0.0,0,239.3,102,60.0,11.17,10.6
0,50,1,0,0.29,1,258.1,106,60.9,8.07,11.7
0,96,1,1,2.81,3,183.3,115,77.1,10.07,10.4
0,106,1,0,0.0,0,193.6,66,54.0,11.91,12.9
0,166,1,0,0.0,0,173.9,103,54.0,13.82,15.3
0,37,1,0,0.0,3,191.4,116,47.0,8.37,14.0
0,61,1,1,2.67,3,163.7,78,64.7,5.66,9.9
0,100,1,0,0.0,1,131.1,108,38.0,8.81,4.3
0,90,1,0,0.24,1,61.3,91,29.4,9.72,11.4
0,181,1,1,2.86,1,190.3,93,82.6,12.45,10.6
1,76,1,0,0.0,4,107.3,140,39.0,11.91,10.0
0,66,1,1,3.24,2,187.8,117,75.4,6.49,12.0
1,125,0,0,0.0,0,187.3,118,46.0,8.04,9.6
1,114,1,0,0.0,5,147.1,119,39.0,8.05,9.0
1,33,1,1,3.75,4,157.4,99,74.5,5.9,13.9
0,126,1,0,0.0,3,256.5,112,61.0,9.98,7.0
0,95,1,1,3.21,1,129.5,106,76.1,12.45,11.9
1,119,0,1,2.35,5,160.0,95,69.5,10.48,8.7
0,68,1,0,0.0,1,159.5,123,48.0,12.04,11.4
1,62,1,0,0.0,1,248.7,109,61.0,11.0,13.2
0,95,1,0,0.13,0,174.0,57,55.3,14.06,9.7
0,167,0,0,0.0,2,244.8,91,47.0,3.04,10.7
0,100,1,1,3.51,1,246.6,94,89.1,7.07,13.0
0,192,1,0,0.0,4,221.6,101,62.0,14.26,12.7
0,87,1,0,0.0,1,186.9,79,48.0,9.13,4.2
1,161,1,0,0.0,4,332.9,67,84.0,15.89,5.4
0,120,1,0,0.0,1,137.3,100,42.0,10.61,10.5
1,103,1,1,2.94,6,87.2,92,59.4,8.47,10.9
1,81,0,0,0.0,3,149.4,68,41.0,8.6,17.9
1,99,1,0,0.12,7,135.7,107,42.2,10.42,8.8
0,103,1,1,1.86,1,111.8,85,58.6,11.98,6.9
0,34,1,0,0.0,1,180.6,65,55.0,14.02,5.0
0,128,0,0,0.0,0,245.2,112,51.0,5.08,10.7
1,159,1,0,0.0,0,167.4,68,41.0,7.19,10.3
0,118,1,0,0.0,4,188.8,60,51.0,10.87,8.2
0,106,1,0,0.24,2,52.2,106,30.4,11.01,11.4
0,92,1,1,2.7,2,152.0,95,77.0,13.75,10.0
0,77,1,0,0.14,2,230.0,87,49.4,5.16,11.3
0,84,1,1,3.51,1,159.1,106,75.1,7.49,13.0
0,67,1,1,2.67,2,115.6,111,66.7,11.89,9.9
1,64,0,0,0.0,1,346.8,55,81.0,12.48,13.3
0,80,1,0,0.0,1,197.6,83,48.0,8.23,6.4
0,48,1,0,0.0,1,188.4,63,47.0,8.3,13.2
0,46,1,0,0.0,1,90.4,108,39.0,13.81,12.7
0,67,1,0,0.0,2,138.9,65,42.0,10.45,9.2
1,91,1,0,0.0,5,154.4,165,41.0,8.42,11.7
0,148,1,1,2.19,1,262.9,135,79.9,7.48,8.1
0,93,1,0,0.19,2,271.6,71,67.9,11.47,10.9
1,110,0,0,0.0,0,293.3,79,66.0,9.43,14.5
0,77,1,0,0.21,4,175.5,86,50.1,10.26,17.8
0,134,1,1,2.32,0,216.8,78,69.2,5.11,8.6
1,172,1,0,0.0,3,287.1,108,64.0,8.92,14.4
0,101,1,0,0.0,5,232.7,114,56.0,9.32,11.5
0,63,1,0,0.0,0,185.3,87,51.0,11.27,11.7
0,41,1,1,1.97,2,239.8,110,79.7,11.1,7.3
0,37,1,0,0.0,2,233.7,114,58.0,10.4,12.0
0,195,1,0,0.0,0,63.2,108,30.0,11.01,5.1
0,74,1,0,0.0,0,221.1,124,48.0,5.54,10.6
0,147,1,1,2.81,3,251.5,107,91.1,11.71,10.4
0,200,1,0,0.0,1,128.2,87,34.0,6.66,11.2
0,56,1,0,0.0,2,197.0,110,53.0,11.14,10.6
0,67,1,0,0.0,1,176.2,120,51.0,11.8,10.6
0,119,1,0,0.0,2,109.2,96,32.0,7.66,9.8
0,82,1,1,2.57,2,207.2,111,82.7,12.71,9.5
0,33,1,0,0.0,2,251.9,81,60.0,9.73,8.4
0,82,1,0,0.0,1,143.7,116,39.0,8.54,7.8
0,138,0,0,0.0,1,169.3,82,48.0,10.9,9.4
0,103,1,0,0.0,3,173.5,83,51.0,12.22,9.7
0,130,1,0,0.23,1,115.6,129,36.3,8.39,12.6
0,108,1,0,0.0,1,187.4,101,49.0,10.0,12.6
0,88,1,0,0.0,3,183.5,93,46.0,8.53,8.3
0,75,1,1,1.43,5,175.8,97,63.3,10.88,5.3
0,137,1,1,3.27,2,186.5,94,79.7,8.9,12.1
0,97,1,0,0.0,1,112.7,119,38.0,10.89,6.5
0,66,1,0,0.0,1,201.3,95,48.0,7.64,7.5
0,63,1,0,0.27,3,211.8,84,58.7,11.55,10.7
0,43,1,0,0.0,1,168.4,125,50.0,12.19,11.1
1,58,1,0,0.0,2,247.2,116,68.0,15.19,9.3
0,118,1,0,0.0,0,140.4,112,40.0,9.36,7.9
1,123,1,0,0.0,5,242.2,87,61.0,11.31,8.2
0,116,1,0,0.0,2,167.8,119,41.0,7.1,7.3
0,122,1,1,3.78,1,147.8,85,75.8,7.37,14.0
0,87,1,1,2.11,0,262.8,114,85.1,10.79,7.8
0,69,1,0,0.29,3,195.3,70,54.9,10.84,12.5
0,75,1,0,0.0,2,122.8,89,39.0,10.57,10.7
1,41,1,0,0.0,3,232.1,74,68.0,16.36,10.9
0,78,1,0,0.23,2,193.4,99,45.3,5.85,9.3
0,123,1,0,0.2,1,209.4,49,58.0,11.87,9.8
0,80,1,0,0.0,2,148.6,106,44.0,10.54,10.0
0,98,0,1,2.92,1,245.5,54,96.2,14.64,10.8
0,63,1,1,3.29,1,190.0,137,75.9,5.83,12.2
0,107,1,0,0.0,1,230.4,65,62.0,12.87,8.5
0,102,1,1,1.7,3,125.3,92,51.0,7.06,6.3
0,122,1,1,1.86,2,230.1,108,82.6,14.38,6.9
0,47,1,1,2.24,1,172.9,109,64.4,6.88,8.3
0,82,1,0,0.0,0,101.0,93,31.0,7.78,13.3
1,71,0,0,0.0,3,178.2,113,45.0,8.39,13.6
0,70,1,0,0.0,0,148.4,110,48.0,13.36,8.9
0,88,1,1,3.08,1,181.6,91,79.8,10.66,11.4
0,80,1,0,0.24,2,203.7,92,56.4,10.82,7.6
0,74,1,0,0.0,1,203.8,77,53.0,10.26,9.0
0,91,1,0,0.0,3,189.3,100,53.0,11.97,9.9
0,93,1,0,0.17,3,152.4,74,51.7,13.73,6.6
1,23,1,0,0.0,1,113.1,74,34.0,8.44,6.9
0,73,1,0,0.43,1,194.8,112,52.3,8.36,10.8
0,77,1,0,0.0,2,233.8,104,63.0,13.33,7.6
0,93,1,0,0.0,3,179.3,93,46.0,8.93,11.5
0,31,1,1,3.11,1,210.5,101,89.1,12.53,11.5
0,151,1,0,0.0,0,194.8,106,58.0,14.64,5.5
0,113,1,0,0.0,2,159.8,143,46.0,10.51,13.1
0,132,1,0,0.0,1,190.1,105,48.0,9.11,13.0
0,74,1,0,0.22,0,102.7,89,33.2,7.47,11.0
0,94,1,0,0.0,1,207.0,109,50.0,8.37,2.6
0,108,1,0,0.34,0,178.3,137,50.4,9.45,14.6
0,57,1,0,0.31,3,189.3,157,51.1,8.75,11.2
0,64,1,1,2.86,2,182.1,91,74.6,8.49,10.6
0,93,1,1,2.65,1,117.9,131,61.5,8.23,9.8
0,40,1,0,0.25,0,109.4,107,42.5,12.24,7.1
0,163,0,0,0.0,1,197.2,90,50.0,9.43,7.8
1,182,1,0,0.0,2,279.5,118,65.0,10.16,10.7
0,82,1,0,0.38,2,265.2,122,64.8,8.94,10.7
0,86,1,1,3.05,0,145.7,88,72.5,9.55,11.3
1,61,1,0,0.0,1,267.1,104,61.0,9.02,17.3
0,138,1,0,0.18,1,230.1,107,59.8,10.6,13.2
1,97,1,0,0.0,0,225.1,90,63.0,13.98,8.8
0,81,1,0,0.0,2,173.2,80,50.0,11.81,11.8
0,150,1,0,0.0,4,189.3,77,51.0,11.05,9.2
0,93,1,1,3.38,2,136.8,113,72.8,8.98,12.5
0,161,1,0,0.0,1,173.4,100,48.0,10.69,11.5
0,124,1,0,0.0,1,151.1,123,42.0,9.37,5.3
0,89,1,0,0.29,1,178.7,81,53.9,11.69,9.1
1,152,0,1,1.16,1,146.8,128,61.6,14.28,4.3
0,146,1,0,0.0,0,189.3,77,46.0,7.8,7.4
0,158,1,0,0.0,1,195.9,103,41.0,4.46,10.3
0,155,0,0,0.0,0,163.1,94,53.0,14.59,11.2
0,71,1,0,0.0,1,207.0,112,50.0,8.69,12.1
0,92,0,0,0.0,0,264.3,91,59.0,8.05,9.3
0,112,1,0,0.0,1,115.8,108,41.0,12.17,13.1
1,111,1,0,0.0,1,294.7,90,76.0,14.73,10.8
0,99,1,0,0.0,4,198.2,87,52.0,10.37,8.7
0,7,1,1,2.92,1,221.4,114,81.2,8.29,10.8
0,108,1,0,0.21,3,210.7,112,59.1,11.94,9.2
0,107,1,0,0.0,1,86.8,95,24.0,5.41,13.2
0,136,0,1,2.43,2,85.2,98,59.3,11.52,9.0
0,97,1,0,0.0,0,215.3,58,58.0,12.12,12.1
0,98,1,0,0.0,0,288.1,101,61.0,6.9,0.0
0,121,1,0,0.0,1,181.5,121,50.0,10.92,8.5
0,20,1,0,0.32,0,190.0,109,58.2,12.91,6.3
0,140,1,0,0.0,3,149.7,71,44.0,10.63,12.6
0,51,1,1,2.24,0,276.7,121,87.4,10.19,8.3
0,82,1,0,0.0,4,185.8,36,56.0,13.83,5.7
0,20,1,1,1.92,0,171.5,98,62.2,7.66,7.1
1,80,0,0,0.0,2,189.1,122,52.0,11.16,13.9
0,46,1,0,0.0,1,156.4,105,43.0,9.28,11.8
0,87,1,0,0.0,1,189.5,113,50.0,10.25,13.4
0,94,1,0,0.15,0,139.4,95,39.5,7.96,7.7
0,92,1,1,3.02,4,167.4,83,81.2,12.93,11.2
1,97,1,0,0.0,1,256.4,125,67.0,13.7,11.1
0,105,1,1,2.62,2,88.1,125,56.2,8.8,9.7
0,103,1,0,0.0,1,158.7,90,44.0,9.92,10.5
0,111,1,0,0.0,3,146.2,55,48.0,13.08,8.7
0,148,1,0,0.39,1,202.0,102,59.9,12.16,10.9
1,94,1,0,0.0,3,271.2,105,64.0,10.13,11.5
0,21,1,0,0.0,2,91.9,109,33.0,9.92,13.0
0,150,1,0,0.0,1,214.0,117,53.0,9.62,7.9
1,98,1,0,0.2,0,217.2,121,65.0,15.17,12.4
0,117,1,0,0.0,1,184.8,83,53.0,12.43,9.6
0,114,1,0,0.4,1,169.6,85,38.0,2.95,7.4
0,112,1,0,0.0,0,167.8,88,50.0,12.4,11.9
0,93,1,1,2.54,2,218.7,117,72.4,5.75,9.4
0,128,1,0,0.0,2,147.7,94,50.0,14.17,6.9
0,148,1,0,0.0,2,153.6,148,49.0,13.11,9.8
0,36,1,0,0.29,3,202.4,115,57.9,11.54,10.2
0,45,1,0,0.0,1,142.4,107,52.0,15.94,11.1
0,81,1,0,0.0,2,145.6,59,50.0,14.4,9.2
0,41,1,0,0.31,1,182.1,89,52.1,10.58,6.8
0,46,1,0,0.0,2,40.4,105,22.0,8.62,9.0
0,99,1,0,0.0,0,155.3,93,49.0,13.29,12.4
0,55,0,0,0.0,1,269.6,121,61.0,8.59,8.2
0,137,1,0,0.13,3,115.0,130,33.3,6.89,7.3
0,74,1,1,3.56,4,154.1,122,78.6,9.77,13.2
0,88,1,0,0.0,3,61.9,78,33.0,13.13,8.8
0,110,1,1,2.43,2,202.6,103,69.3,5.94,9.0
0,112,1,0,0.0,1,261.4,108,58.0,7.73,11.6
0,169,0,0,0.0,3,57.1,98,27.0,9.99,6.5
0,155,0,0,0.0,2,250.8,146,56.0,7.63,10.0
1,128,0,1,3.67,0,222.1,89,88.7,8.03,13.6
0,92,1,0,0.31,2,176.3,85,41.1,4.67,9.6
0,10,1,0,0.42,1,222.2,127,55.2,7.66,12.9
0,212,1,0,0.0,1,126.0,96,34.0,7.22,7.6
0,120,1,0,0.0,1,134.8,94,41.0,10.21,6.7
0,99,1,0,0.0,1,124.6,90,34.0,7.32,10.5
0,93,1,0,0.0,0,173.0,131,46.0,9.52,10.4
1,61,1,0,0.0,1,260.0,123,63.0,10.53,9.0
0,99,1,0,0.0,2,128.3,78,41.0,10.77,14.3
0,87,1,0,0.36,2,115.4,90,45.6,13.13,13.1
1,188,0,1,3.89,1,198.8,115,86.9,8.33,14.4
0,77,1,1,2.62,2,211.1,89,81.2,11.18,9.7
0,84,1,0,0.0,1,216.1,114,54.0,9.88,9.8
0,69,1,1,3.56,2,194.9,63,85.6,9.58,13.2
0,74,1,0,0.0,3,124.8,114,33.0,6.65,10.6
0,108,1,0,0.0,1,215.6,78,54.0,9.77,3.6
0,136,1,0,0.16,0,204.5,63,54.6,10.44,9.8
0,119,1,1,1.78,1,161.3,97,66.8,12.52,6.6
1,113,1,0,0.0,2,128.7,100,42.0,11.36,9.2
0,127,1,0,0.26,3,96.0,117,34.6,8.85,9.7
0,30,1,1,1.78,0,217.4,74,73.8,10.69,6.6
0,116,0,0,0.3,3,215.4,104,58.0,10.24,12.6
0,87,1,0,0.0,0,171.6,119,47.0,10.25,13.8
0,121,1,1,3.24,1,116.0,85,65.4,7.51,12.0
1,179,1,0,0.0,0,287.3,123,74.0,14.4,10.5
0,62,1,0,0.0,0,100.0,98,32.0,8.68,10.1
0,80,1,0,0.0,1,161.1,99,45.0,9.94,10.6
0,158,1,0,0.14,0,205.2,97,57.4,12.03,14.4
0,90,1,0,0.0,1,140.2,97,43.0,10.7,7.1
1,73,1,0,0.0,1,286.4,109,64.0,8.91,10.7
0,132,1,0,0.31,1,191.9,107,54.1,10.35,12.6
0,134,1,0,0.31,1,178.0,110,47.1,7.69,11.7
0,127,1,1,1.38,0,82.2,95,41.8,8.17,5.1
1,126,1,0,0.0,5,58.2,94,22.0,6.94,11.9
0,146,1,0,0.0,1,206.3,151,48.0,7.43,6.1
0,162,1,0,0.28,2,115.1,89,39.8,9.84,11.4
0,86,1,1,2.65,0,225.5,107,86.5,12.32,9.8
0,90,1,0,0.0,1,200.9,92,49.0,8.22,8.9
0,55,1,0,0.23,0,189.0,100,45.3,5.93,17.1
0,120,1,0,0.0,1,131.7,99,37.0,8.16,10.7
0,149,1,0,0.0,2,196.3,108,45.0,6.84,7.7
0,143,1,1,2.57,1,239.2,109,86.7,11.78,9.5
0,125,1,0,0.0,2,191.6,115,51.0,10.28,9.2
0,53,1,0,0.0,2,119.7,113,37.0,9.49,12.9
0,102,1,0,0.0,3,242.2,88,61.0,11.66,6.2
0,133,1,0,0.0,0,245.8,102,65.0,13.24,11.2
0,16,1,0,0.0,0,205.6,69,50.0,8.48,10.9
1,87,1,0,0.0,2,322.5,106,73.0,10.23,9.4
0,119,1,1,2.16,2,217.1,92,77.6,11.04,8.0
0,123,1,0,0.0,0,224.0,99,56.0,10.54,2.1
0,146,1,0,0.0,3,195.9,86,53.0,11.43,12.2
0,94,1,0,0.0,1,206.1,49,55.0,11.23,13.0
1,123,1,0,0.0,4,123.2,104,38.0,9.5,12.9
0,129,1,1,4.0,2,204.5,79,87.0,6.64,14.8
0,135,0,1,1.57,2,127.7,54,55.7,10.75,5.8
0,100,1,1,4.29,1,153.7,115,80.9,6.89,15.9
1,87,1,0,0.0,5,151.0,83,45.0,10.99,9.7
0,67,1,0,0.35,1,215.5,102,56.5,9.54,8.6
0,124,1,0,0.0,2,151.0,98,36.0,6.03,9.2
0,121,1,0,0.0,1,179.4,70,43.0,7.15,11.2
1,34,1,0,0.29,2,293.7,89,76.9,13.63,11.0
0,99,1,0,0.0,0,182.6,83,45.0,7.73,12.1
0,152,1,0,0.23,1,161.4,84,44.3,8.18,11.8
1,110,0,1,2.24,1,267.9,103,90.4,13.17,8.3
0,115,1,0,0.26,0,210.6,120,51.6,7.66,11.0
0,105,1,0,0.0,1,227.4,121,62.0,13.43,13.0
0,74,1,0,0.0,3,230.9,93,59.0,11.15,9.7
0,56,0,0,0.0,1,177.7,114,49.0,10.78,10.5
0,145,1,1,4.21,2,147.5,90,83.1,8.79,15.6
0,97,1,0,0.0,1,209.2,134,36.0,0.0,11.8
0,140,1,0,0.0,3,173.2,91,47.0,9.84,11.2
0,122,1,0,0.0,2,234.1,101,57.0,10.01,13.1
0,113,1,0,0.0,1,215.6,96,54.0,9.67,13.5
0,101,1,0,0.0,4,153.8,89,47.0,11.7,11.6
0,178,1,0,0.0,1,275.4,150,63.0,9.38,13.6
0,100,0,0,0.0,1,107.2,98,26.0,4.34,9.7
0,85,1,1,3.65,1,207.9,95,92.5,11.68,13.5
0,121,1,1,3.08,1,68.7,95,60.8,10.46,11.4
0,72,1,1,2.21,2,138.1,113,68.1,13.01,8.2
0,100,1,0,0.0,1,115.9,87,30.0,5.57,7.1
0,113,1,0,0.0,3,132.1,72,44.0,12.38,6.9
0,101,1,0,0.0,1,183.9,115,54.0,12.8,10.8
0,83,0,0,0.26,1,271.5,87,67.6,10.82,11.7
0,116,1,1,3.19,2,118.0,103,66.9,8.36,11.8
0,98,1,1,3.46,3,179.9,97,81.6,9.46,12.8
0,149,1,0,0.0,0,237.6,79,57.0,9.62,9.1
1,48,1,1,4.24,2,152.0,63,90.4,12.94,15.7
0,114,1,0,0.12,1,203.8,85,44.2,4.39,11.7
1,97,0,0,0.0,4,145.0,103,50.0,14.72,11.0
0,65,1,1,3.24,1,282.3,70,93.4,7.6,12.0
0,93,1,1,1.84,2,138.1,91,56.4,8.37,6.8
0,148,1,0,0.0,1,208.4,120,51.0,8.72,11.2
0,107,1,1,3.89,2,283.4,104,106.9,11.21,14.4
0,78,1,1,1.73,2,281.2,93,80.3,8.91,6.4
1,133,1,0,0.0,0,117.8,100,37.0,9.96,11.8
0,92,1,0,0.0,2,139.8,98,39.0,8.75,9.4
0,108,1,1,2.35,3,170.7,88,62.5,5.5,8.7
0,155,1,1,1.38,1,183.3,106,62.8,10.26,5.1
0,99,1,0,0.0,2,140.7,88,42.0,10.55,12.4
0,132,1,0,0.0,0,81.1,86,35.0,12.26,10.3
0,77,1,1,3.05,0,204.9,84,82.5,10.05,11.3
0,97,1,1,1.81,1,202.3,97,59.1,3.46,6.7
0,56,1,0,0.37,0,146.1,57,45.7,9.81,9.2
0,127,1,1,2.65,1,182.0,80,76.5,10.81,9.8
0,132,1,1,2.46,1,154.6,128,72.6,12.28,9.1
0,161,1,0,0.0,1,196.6,73,48.0,8.51,12.5
0,130,1,0,0.0,1,120.5,127,37.0,9.49,14.3
0,109,1,0,0.0,2,222.5,74,53.0,8.49,9.0
1,84,1,0,0.0,0,280.0,113,65.0,10.11,10.4
0,137,1,0,0.45,4,230.2,113,62.5,11.02,10.7
0,102,1,0,0.0,1,129.5,56,53.0,17.71,10.9
0,108,1,0,0.0,3,201.1,101,49.0,8.54,11.6
0,92,0,0,0.0,0,255.8,125,56.0,7.14,11.7
0,38,1,1,4.1,2,115.4,98,75.0,8.31,15.2
0,91,1,1,2.48,0,162.3,107,72.8,11.7,9.2
0,115,1,0,0.0,2,146.7,128,34.0,5.31,11.1
0,93,1,0,0.0,0,146.3,85,44.0,10.83,11.5
0,95,1,1,2.84,3,247.0,109,81.4,6.28,10.5
1,105,1,0,0.0,0,281.3,124,74.0,15.08,8.7
0,86,1,0,0.0,4,226.3,88,58.0,11.15,13.0
0,75,1,1,3.05,2,121.5,97,74.5,13.57,11.3
0,80,1,0,0.0,1,199.8,138,49.0,8.36,5.5
0,102,1,0,0.0,2,186.8,92,47.0,8.69,9.7
0,95,1,1,3.05,3,283.1,112,103.5,14.31,11.3
0,71,1,0,0.0,0,104.0,92,35.0,9.85,14.6
0,130,1,0,0.18,0,127.0,102,41.8,10.35,6.1
0,48,1,1,2.05,1,198.0,70,77.5,13.69,7.6
0,66,1,0,0.0,1,146.4,107,42.0,9.83,7.8
0,104,1,0,0.0,1,156.2,93,43.0,9.65,13.1
0,102,1,0,0.0,1,103.1,70,41.0,13.75,11.2
0,168,1,0,0.37,2,183.2,131,50.7,8.96,9.9
1,162,1,0,0.0,4,70.7,108,26.0,7.88,9.1
0,137,1,0,0.21,1,104.7,115,42.1,12.49,8.9
0,111,1,0,0.0,0,224.9,117,55.0,9.6,10.3
0,31,1,0,0.28,1,166.1,105,37.8,3.97,12.7
0,143,1,0,0.42,0,119.1,117,49.2,14.39,12.2
0,68,1,0,0.2,2,172.7,95,44.0,6.96,11.7
0,77,1,0,0.0,1,142.3,112,51.0,15.32,9.9
0,91,1,0,0.0,2,123.8,107,49.0,15.95,7.3
0,87,1,0,0.0,3,124.3,91,36.0,8.67,7.5
0,39,1,1,3.24,1,141.7,121,76.4,11.62,12.0
0,141,1,0,0.0,3,260.2,131,60.0,8.96,7.2
0,69,1,0,0.0,0,196.1,87,54.0,11.84,11.9
0,87,1,0,0.0,2,198.3,80,50.0,9.35,16.6
0,129,1,0,0.0,4,143.7,114,50.0,14.89,11.4
0,19,0,0,0.0,0,237.7,98,59.0,10.36,4.5
1,65,1,0,0.29,4,129.1,137,44.9,11.43,12.7
0,120,1,0,0.26,1,192.6,123,53.6,10.32,10.8
0,29,1,0,0.0,1,195.6,71,44.0,6.32,14.2
0,138,1,1,3.83,0,190.1,87,90.3,11.16,14.2
0,45,1,0,0.0,2,112.8,108,38.0,10.94,9.0
1,75,1,0,0.0,0,305.1,106,68.0,9.4,8.5
0,90,1,0,0.0,3,179.1,71,47.0,9.53,10.6
0,131,1,1,2.57,3,214.2,115,76.7,8.09,9.5
0,138,0,0,0.0,1,268.4,81,61.0,8.72,11.6
0,209,1,0,0.0,0,153.7,105,43.0,9.43,10.7
0,32,1,1,2.43,1,243.5,137,86.3,11.84,9.0
0,113,1,0,0.0,1,207.2,113,57.0,12.8,9.9
0,63,1,0,0.0,1,207.6,96,55.0,11.45,13.3
0,116,1,0,0.0,3,245.9,73,63.0,12.01,8.9
0,17,1,0,0.0,1,161.5,123,46.0,10.71,8.6
1,130,1,0,0.24,0,212.8,102,55.4,9.49,10.6
1,146,1,0,0.0,7,149.3,83,42.0,9.36,7.9
0,111,1,0,0.25,2,191.3,80,47.5,6.93,6.4
0,96,1,0,0.0,2,98.2,100,43.0,15.36,7.6
1,107,1,0,0.0,1,222.3,101,63.0,14.3,12.1
0,70,1,0,0.3,2,156.4,108,45.0,8.55,8.6
0,68,1,1,3.97,1,176.0,118,93.7,13.9,14.7
0,108,1,0,0.0,1,103.0,129,39.0,12.12,7.9
0,107,1,0,0.0,1,157.1,79,41.0,8.13,12.1
0,43,1,0,0.26,2,159.5,99,40.6,5.99,6.8
0,115,1,0,0.0,2,184.1,98,60.0,16.35,7.5
0,80,1,0,0.0,1,239.9,121,53.0,7.12,9.3
0,190,1,0,0.17,2,182.2,101,51.7,10.62,9.3
0,141,1,1,2.05,3,149.7,112,60.5,8.13,7.6
0,81,1,0,0.0,3,203.5,89,60.0,14.48,8.7
0,97,1,1,1.73,1,117.6,97,54.3,9.82,6.4
1,79,1,0,0.31,1,268.3,114,65.1,9.28,6.3
0,92,1,0,0.27,2,181.4,98,47.7,8.23,10.9
0,75,1,0,0.0,0,150.6,99,52.0,15.08,8.1
0,86,1,0,0.0,0,83.5,96,33.0,11.06,12.6
0,17,1,1,2.19,1,198.5,123,78.9,13.53,8.1
0,190,0,0,0.0,3,111.9,55,38.0,11.15,10.0
0,103,1,0,0.24,5,167.8,121,49.4,10.65,13.0
0,72,1,0,0.0,2,137.6,106,36.0,7.18,9.6
0,92,1,1,3.43,2,184.0,99,72.3,3.82,12.7
0,93,1,0,0.0,3,266.0,120,57.0,6.51,13.1
0,72,1,0,0.28,0,196.5,88,49.8,7.93,6.8
0,101,0,0,0.38,0,193.7,108,52.8,9.33,11.6
0,129,1,0,0.0,1,54.7,131,32.0,12.81,11.1
0,112,1,0,0.0,1,81.6,94,37.0,13.41,8.6
0,88,1,1,2.94,1,93.4,106,67.4,12.6,10.9
0,97,1,1,1.81,5,183.4,94,73.1,13.46,6.7
0,158,1,0,0.31,0,220.9,129,62.1,12.11,6.4
0,117,1,0,0.0,2,191.1,93,57.0,14.14,12.0
0,48,1,1,2.16,1,172.0,111,68.6,10.01,8.0
0,121,1,0,0.32,2,207.9,98,57.2,10.53,7.7
0,142,1,1,1.73,1,230.7,101,79.3,12.84,6.4
0,43,1,0,0.0,1,199.9,108,59.0,14.42,11.3
0,73,1,1,1.7,2,173.7,117,64.0,10.2,6.3
0,59,1,0,0.19,1,153.6,92,45.9,10.28,12.5
0,87,1,0,0.0,2,238.0,97,55.0,8.23,10.6
0,75,1,0,0.0,1,166.3,125,42.0,7.91,6.1
1,144,1,0,0.21,4,61.6,117,20.1,3.86,8.2
0,183,1,0,0.0,2,116.7,92,39.0,10.69,9.7
0,129,1,1,4.43,1,192.8,103,92.3,8.85,16.4
0,110,1,0,0.0,3,185.1,100,46.0,8.26,6.3
1,85,1,0,0.0,5,165.8,96,45.0,9.5,10.9
0,89,1,0,0.0,3,111.2,101,30.0,6.11,12.6
0,67,1,0,0.34,6,260.4,107,65.4,10.41,10.0
0,74,1,0,0.0,0,177.4,136,51.0,12.02,12.0
0,80,1,0,0.0,1,118.1,90,33.0,7.22,8.2
0,67,1,0,0.0,2,109.1,134,31.0,7.12,10.9
0,101,1,0,0.0,3,248.6,102,58.0,8.75,6.1
1,103,1,0,0.0,6,174.7,151,43.0,7.4,15.8
0,113,1,0,0.0,2,156.0,141,49.0,12.84,11.9
0,87,1,1,2.86,0,214.0,113,80.6,9.0,10.6
0,88,1,1,3.46,2,80.3,140,61.6,7.67,12.8
0,108,1,0,0.0,0,169.6,99,52.0,13.21,9.3
0,43,1,0,0.0,0,135.8,125,37.0,8.16,12.6
0,44,1,0,0.0,0,202.6,89,49.0,8.15,8.3
0,105,1,0,0.24,3,115.5,73,45.4,13.37,13.3
0,47,1,0,0.0,3,155.3,116,43.0,9.41,12.3
0,93,1,1,2.89,1,237.2,85,87.9,10.66,10.7
0,125,1,0,0.0,0,168.6,99,44.0,8.78,10.9
0,151,0,0,0.26,0,198.7,70,54.6,10.48,12.4
0,30,1,0,0.0,1,54.0,68,25.0,8.97,10.2
0,52,1,1,1.11,2,170.9,71,58.1,10.07,4.1
0,86,1,0,0.0,0,176.3,79,52.0,12.96,6.2
1,149,1,0,0.0,4,119.2,88,35.0,8.42,12.2
0,116,1,1,1.62,2,183.6,138,65.2,10.19,6.0
0,127,1,1,1.97,0,203.8,118,77.7,13.36,7.3
0,94,1,1,2.67,3,92.7,107,53.7,6.39,9.9
0,16,1,0,0.0,5,174.7,83,54.0,14.04,10.5
0,42,1,0,0.0,2,184.5,98,49.0,10.03,8.8
0,24,1,1,1.81,1,164.9,110,64.1,10.47,6.7
0,62,1,0,0.0,2,86.3,84,35.0,11.94,12.5
0,121,1,1,2.86,1,126.3,84,68.6,10.48,10.6
0,71,1,0,0.0,1,277.5,104,59.0,6.59,8.2
1,23,1,0,0.0,2,321.6,107,77.0,12.58,11.3
0,99,1,0,0.0,1,254.4,120,57.0,7.97,6.0
0,69,1,0,0.0,1,153.7,109,43.0,9.7,14.1
0,127,1,1,3.02,1,183.2,117,72.2,6.34,11.2
0,113,1,0,0.0,2,150.1,120,43.0,10.01,11.0
0,102,1,0,0.0,2,156.5,67,44.0,10.22,9.9
0,127,1,1,3.13,1,143.2,99,70.3,8.5,11.6
1,128,0,1,2.54,2,223.5,81,80.4,9.44,9.4
0,87,1,1,2.3,3,263.8,65,77.0,5.17,8.5
0,130,1,0,0.28,0,213.1,105,56.8,10.31,8.9
0,155,1,0,0.0,0,71.2,90,38.0,15.22,8.6
1,74,1,0,0.0,2,174.1,96,51.0,12.56,8.3
1,167,1,0,0.0,4,169.2,124,44.0,8.67,12.4
0,98,1,0,0.0,4,161.0,117,44.0,9.55,12.1
0,77,1,0,0.0,2,163.0,112,47.0,10.96,6.7
0,88,1,0,0.0,2,65.4,97,26.0,8.41,13.8
0,78,1,0,0.0,3,137.4,109,44.0,11.88,14.0
0,34,1,1,2.89,2,151.5,100,75.9,12.44,10.7
0,101,1,0,0.0,1,220.3,124,54.0,9.43,10.6
0,79,1,0,0.0,1,220.9,107,54.0,9.61,12.2
0,83,1,0,0.24,0,259.7,106,60.4,7.64,10.2
0,53,1,1,3.24,2,167.3,99,77.4,9.74,12.0
0,15,1,0,0.0,2,121.1,130,39.0,10.8,16.1
0,125,1,0,0.0,1,137.1,94,42.0,10.49,8.6
0,87,1,0,0.42,3,223.2,109,53.2,6.38,14.5
1,96,1,0,0.0,1,180.6,92,47.0,9.55,10.3
0,94,1,0,0.22,0,137.5,118,43.2,10.16,13.4
0,69,1,0,0.0,3,183.4,85,52.0,11.88,9.0
1,46,1,0,0.0,2,257.4,67,66.0,13.06,13.4
0,104,1,1,3.0,1,189.1,112,78.0,8.91,11.1
0,153,1,0,0.0,2,122.5,145,45.0,13.67,8.0
1,74,1,0,0.21,1,282.5,114,69.1,11.0,9.4
0,50,1,1,2.3,3,252.9,112,82.0,8.9,8.5
0,43,1,0,0.35,0,179.3,97,55.5,12.64,8.0
0,84,0,0,0.0,2,299.4,71,57.0,3.1,6.6
0,85,1,0,0.0,0,235.8,109,54.0,7.86,12.0
0,80,0,1,3.21,1,159.3,110,74.1,8.53,11.9
0,112,1,0,0.38,1,170.4,103,49.8,10.01,11.6
0,118,0,0,0.0,0,223.4,98,57.0,11.03,6.3
0,138,1,0,0.0,5,194.3,83,50.0,9.5,9.0
0,125,1,0,0.0,1,203.4,110,46.0,6.44,11.0
0,104,1,1,3.59,4,280.2,136,102.9,11.03,13.3
0,101,1,0,0.0,1,93.8,127,29.0,7.5,10.7
0,36,1,0,0.25,1,253.4,77,61.5,9.12,8.4
1,125,1,0,0.32,2,113.0,108,37.2,8.46,9.2
0,47,1,1,2.86,0,112.2,70,61.6,7.74,10.6
0,41,1,0,0.0,3,223.8,67,59.0,12.24,12.3
0,111,1,0,0.25,0,152.2,114,40.5,6.86,9.8
0,155,1,1,3.62,2,243.9,112,89.2,6.65,13.4
0,73,1,0,0.34,1,137.1,102,45.4,10.54,11.1
0,118,1,1,2.65,3,294.9,106,91.5,8.29,9.8
0,45,1,0,0.0,1,211.3,87,50.0,8.29,13.3
0,53,1,0,0.0,1,164.1,106,46.0,10.3,11.4
0,131,1,0,0.0,2,187.9,110,49.0,10.03,10.2
0,124,1,1,3.24,2,144.5,35,79.4,13.12,12.0
0,135,1,0,0.0,0,154.4,130,44.0,10.19,11.8
0,101,1,0,0.25,3,217.7,118,59.5,11.59,0.0
0,71,1,0,0.0,2,141.2,132,37.0,7.46,7.0
0,127,1,1,2.08,1,235.6,124,81.8,11.84,7.7
0,89,1,0,0.0,2,141.1,92,46.0,12.46,10.8
0,48,1,1,2.05,3,230.9,92,74.5,8.38,7.6
0,105,1,1,2.86,2,209.6,68,77.6,7.35,10.6
0,103,1,0,0.0,2,190.9,62,52.0,11.33,7.8
1,126,1,1,3.46,4,153.4,90,73.6,7.57,12.8
0,120,1,0,0.0,1,165.0,100,56.0,15.86,8.3
0,105,0,0,0.0,0,228.4,100,52.0,7.26,7.7
0,141,1,0,0.0,0,185.1,126,52.0,11.65,9.1
0,89,0,0,0.0,1,125.6,108,40.0,10.65,5.4
0,156,1,1,4.0,1,192.3,137,90.0,10.0,14.8
0,100,1,0,0.25,3,203.1,96,55.5,10.85,13.5
0,43,0,0,0.0,0,251.5,105,61.0,10.64,9.3
0,204,1,0,0.0,3,205.2,145,49.0,7.74,14.1
0,162,1,0,0.0,3,177.1,131,40.0,5.74,6.5
0,78,1,0,0.0,2,152.9,81,48.0,12.83,5.3
0,128,1,1,3.78,1,171.2,88,79.8,7.29,14.0
0,85,1,0,0.4,1,201.4,52,58.0,11.47,12.0
0,129,1,1,2.78,2,193.0,99,79.8,11.24,10.3
1,62,1,1,3.0,2,186.4,84,79.0,10.05,11.1
0,123,1,0,0.0,2,140.0,106,37.0,7.69,12.5
0,177,1,1,2.81,1,230.2,106,84.1,9.81,10.4
0,88,1,0,0.0,1,113.7,67,34.0,8.26,10.8
0,96,1,0,0.0,3,150.0,122,45.0,10.93,9.8
0,73,1,1,2.38,2,198.2,107,69.8,6.96,8.8
0,85,1,0,0.0,3,222.3,132,58.0,11.58,11.0
0,84,1,1,2.89,1,89.7,87,56.9,6.93,10.7
1,147,1,1,2.73,2,197.3,134,73.3,7.06,10.1
0,36,1,0,0.0,1,175.1,144,49.0,10.85,9.9
0,136,1,1,2.7,3,187.7,84,78.0,11.05,10.0
0,21,1,0,0.3,1,244.7,81,59.0,8.4,6.6
0,90,1,0,0.0,0,109.9,102,38.0,11.04,10.9
0,52,1,0,0.0,1,215.9,67,56.0,10.85,5.2
1,173,1,0,0.0,0,291.8,143,68.0,10.72,9.9
0,67,1,1,2.7,2,95.0,94,68.0,14.56,10.0
1,99,1,1,2.51,2,216.0,125,82.1,11.62,9.3
0,130,1,0,0.35,1,162.8,113,56.5,14.52,7.2
0,71,1,0,0.0,0,243.7,124,47.0,3.0,11.3
1,129,1,0,0.23,1,137.8,120,45.3,11.29,10.2
0,194,1,0,0.0,0,162.3,88,46.0,10.69,10.9
0,127,1,1,1.03,1,140.1,59,53.3,11.17,3.8
0,54,1,0,0.0,3,134.3,73,37.0,7.78,14.7
1,72,1,1,1.67,4,96.6,59,60.7,15.77,6.2
0,176,1,0,0.25,2,47.4,125,25.5,8.39,10.5
0,57,1,0,0.2,2,149.3,100,45.0,10.01,11.9
0,81,1,0,0.11,1,175.5,67,53.1,12.47,10.2
0,13,1,1,3.48,1,265.3,94,92.8,7.38,12.9
1,121,1,0,0.0,0,170.4,108,59.0,17.53,11.2
0,134,1,1,4.48,0,80.3,94,75.8,10.0,16.6
1,51,1,0,0.0,1,229.7,129,68.0,16.8,9.6
0,170,1,0,0.0,2,184.1,106,49.0,10.25,9.8
0,126,1,0,0.0,0,161.4,110,47.0,11.03,5.1
0,82,1,0,0.0,1,197.7,101,45.0,6.38,13.5
1,58,1,0,0.0,0,112.2,95,37.0,10.48,13.9
0,79,1,0,0.0,1,147.0,72,40.0,8.29,8.4
0,99,1,0,0.0,0,169.2,70,52.0,13.58,10.6
0,142,1,0,0.35,2,187.0,133,47.5,6.73,7.4
0,36,1,1,2.43,2,281.4,102,90.3,10.11,9.0
1,107,1,0,0.0,1,294.9,71,67.0,9.64,13.2
0,158,1,0,0.0,1,209.9,112,55.0,11.07,8.2
0,118,1,1,2.81,0,148.7,105,68.1,8.37,10.4
0,100,1,0,0.33,4,210.9,85,67.3,16.47,9.4
0,155,1,0,0.39,2,216.7,30,53.9,7.22,10.8
0,131,1,1,3.43,1,170.8,145,84.3,11.84,12.7
0,109,1,0,0.0,1,175.6,80,51.0,11.9,10.2
0,112,1,1,2.62,0,183.2,95,79.2,12.64,9.7
0,63,1,0,0.0,2,142.5,92,42.0,10.42,7.5
0,30,1,0,0.0,2,162.3,96,49.0,12.2,9.1
0,72,1,0,0.0,1,177.1,97,46.0,9.24,8.0
0,110,1,0,0.24,1,18.9,92,28.4,12.92,14.8
0,61,1,0,0.0,2,45.0,108,21.0,7.57,9.8
0,38,1,1,3.62,2,142.4,106,87.2,15.69,13.4
0,96,0,0,0.0,2,200.6,117,59.0,14.48,11.2
0,55,1,0,0.0,1,245.5,130,59.0,9.64,9.1
0,53,1,0,0.0,3,57.5,95,33.0,13.28,11.6
0,161,1,0,0.0,2,72.8,120,36.0,13.36,11.8
0,69,1,1,1.59,1,155.0,98,54.9,7.12,5.9
0,174,1,0,0.0,1,192.1,97,48.0,8.5,11.4
0,82,1,0,0.0,0,199.3,112,51.0,9.67,7.0
0,3,1,1,3.21,2,118.1,117,71.1,11.08,11.9
0,80,1,0,0.0,1,124.3,100,36.0,8.65,7.9
0,120,1,0,0.0,2,252.0,120,56.0,7.51,9.6
1,105,0,1,3.97,0,156.1,89,75.7,5.36,14.7
0,143,1,0,0.42,2,172.3,97,49.2,8.7,13.0
0,100,1,0,0.0,2,188.5,152,45.0,7.42,15.2
0,90,1,1,1.57,1,150.1,109,64.7,13.24,5.8
0,89,1,1,2.35,1,209.9,113,80.5,12.49,8.7
1,108,0,1,3.67,3,130.1,90,73.7,8.35,13.6
0,84,1,0,0.0,0,169.5,96,43.0,7.88,10.6
0,64,1,1,2.3,1,118.4,100,56.0,7.21,8.5
0,128,1,0,0.0,1,187.3,84,55.0,13.54,10.1
1,166,0,0,0.0,0,47.7,89,31.0,13.22,13.2
0,185,1,0,0.19,1,139.6,92,46.9,12.51,10.8
0,34,1,0,0.0,2,124.8,82,46.0,14.11,10.0
1,47,0,0,0.0,0,47.8,120,24.0,8.95,13.3
0,157,1,0,0.0,1,152.7,105,48.0,12.88,9.4
0,86,0,0,0.0,1,266.1,120,61.0,9.1,10.3
0,112,1,1,3.59,0,60.6,113,60.9,8.3,13.3
0,126,1,0,0.0,1,211.6,70,55.0,10.85,7.8
0,99,1,0,0.28,1,145.6,102,47.8,11.55,11.4
0,68,0,1,3.05,1,142.0,140,75.5,12.08,11.3
0,66,1,1,1.92,3,88.8,104,44.2,5.48,7.1
0,91,1,0,0.0,3,203.1,106,53.0,10.51,12.0
0,113,1,1,2.27,1,180.4,89,64.7,6.47,8.4
0,121,1,0,0.0,2,168.9,128,40.0,6.2,2.9
0,73,1,1,2.75,2,131.2,98,59.5,5.33,10.2
0,108,1,1,2.65,2,276.6,99,92.5,11.01,9.8
0,150,1,1,1.78,0,209.9,77,67.8,7.9,6.6
0,13,1,0,0.0,1,146.4,74,38.0,7.43,11.3
0,141,1,0,0.0,0,146.5,121,40.0,8.5,8.2
0,92,1,1,3.27,2,243.1,92,92.7,10.69,12.1
0,94,1,0,0.0,4,181.8,85,49.0,10.12,9.2
0,101,1,0,0.0,3,209.6,107,56.0,11.44,7.6
0,165,1,1,2.57,3,167.4,113,69.7,8.64,9.5
0,88,1,0,0.0,3,138.3,116,44.0,11.8,9.6
0,157,1,0,0.0,2,240.2,67,54.0,7.65,10.2
0,51,1,0,0.0,0,227.2,89,56.0,9.72,14.9
0,105,1,0,0.33,1,193.7,108,52.3,9.16,10.8
0,137,1,0,0.29,2,141.1,91,39.9,7.36,8.0
0,112,1,0,0.0,0,166.0,79,35.0,3.73,6.3
1,212,1,0,0.23,2,226.0,127,67.3,15.23,12.6
0,61,1,1,2.32,0,288.7,101,90.2,10.19,8.6
0,69,1,1,4.43,0,268.8,78,111.3,12.33,16.4
0,110,1,0,0.29,2,149.8,112,43.9,9.0,11.7
0,155,1,1,3.35,1,61.6,103,66.5,12.76,12.4
1,57,1,0,0.0,2,272.7,74,66.0,11.25,10.5
0,138,1,0,0.0,3,251.0,119,51.0,4.56,13.8
0,148,0,0,0.0,2,148.2,138,39.0,7.98,8.6
0,161,0,0,0.0,1,189.6,78,55.0,13.37,1.3
0,85,1,0,0.0,1,102.0,95,41.0,13.51,10.7
1,139,1,0,0.0,5,134.4,106,41.0,10.57,10.2
0,37,1,0,0.32,3,134.9,98,48.2,12.42,14.7
1,112,1,0,0.0,3,272.5,119,66.0,11.31,16.4
0,119,1,0,0.0,3,138.3,89,38.0,8.53,13.5
0,179,1,0,0.0,1,170.7,54,46.0,9.56,13.3
0,160,1,0,0.0,2,171.2,103,50.0,12.18,13.0
1,100,1,0,0.32,0,278.0,76,66.2,8.84,8.3
0,60,1,0,0.35,3,125.1,99,46.5,12.44,11.2
0,119,1,1,3.19,2,154.0,114,81.9,13.9,11.8
0,116,1,0,0.0,2,89.5,128,31.0,9.04,14.0
0,122,0,1,3.43,1,216.4,80,93.3,12.49,12.7
1,100,1,0,0.0,1,96.5,86,35.0,10.51,12.5
0,82,1,0,0.0,1,154.0,107,35.0,4.72,10.1
1,148,1,0,0.0,2,279.3,104,65.0,10.08,7.9
0,90,1,0,0.0,1,142.4,126,35.0,6.31,4.6
0,176,1,0,0.32,1,201.9,101,51.2,7.74,9.0
0,75,1,0,0.34,1,117.3,114,41.4,10.06,12.2
0,123,1,1,4.05,0,218.7,79,92.5,8.17,15.0
0,57,0,1,3.08,2,234.5,130,87.8,9.76,11.4
0,103,1,1,3.19,1,138.8,80,67.9,7.1,11.8
0,75,0,0,0.29,1,153.2,78,46.9,10.54,7.8
0,164,1,1,2.59,3,159.7,102,67.9,8.44,9.6
0,132,1,0,0.0,1,206.2,100,53.0,10.56,10.2
0,67,1,1,3.56,1,175.2,68,82.6,9.96,13.2
0,143,1,0,0.2,1,155.5,101,47.0,10.67,7.6
0,55,1,1,2.97,3,165.6,123,69.7,6.81,11.0
0,160,1,0,0.0,1,166.4,117,56.0,15.85,10.0
0,80,1,0,0.0,3,198.1,160,47.0,7.84,9.3
1,68,1,0,0.0,2,249.9,127,65.0,12.73,8.9
0,98,1,0,0.16,1,171.7,99,46.6,8.74,7.8
0,28,1,0,0.0,3,168.2,87,43.0,8.09,10.1
0,74,1,0,0.0,3,148.5,111,38.0,7.33,9.9
0,52,1,0,0.35,2,214.7,68,53.5,7.93,9.4
0,73,1,0,0.0,4,183.4,80,52.0,12.1,7.5
0,84,1,0,0.0,2,159.5,125,49.0,12.36,7.2
0,145,1,0,0.0,1,175.8,89,54.0,13.72,12.4
0,155,0,1,3.0,1,211.7,121,78.0,6.96,11.1
0,87,1,0,0.0,0,204.8,101,49.0,8.05,9.5
0,74,1,1,3.7,0,234.4,113,100.0,13.3,13.7
0,13,1,1,3.27,3,315.6,105,104.7,10.45,12.1
1,108,1,1,2.59,4,162.1,83,68.9,8.59,9.6
0,74,1,1,3.94,2,193.7,91,93.4,12.31,14.6
0,149,1,0,0.0,3,217.7,91,61.0,13.68,9.6
0,149,1,0,0.0,2,175.4,80,47.0,9.87,9.7
0,117,1,0,0.0,2,158.7,84,43.0,9.09,7.7
0,157,1,0,0.0,4,220.7,105,48.0,5.97,11.5
0,35,1,0,0.32,2,149.3,113,49.2,12.11,8.9
0,123,1,0,0.26,2,257.9,92,64.6,10.58,9.4
0,32,1,0,0.0,2,164.8,98,48.0,11.5,14.8
0,138,1,1,4.05,1,183.9,83,92.5,12.04,15.0
0,120,1,1,1.94,2,221.9,114,79.4,12.74,7.2
0,73,1,0,0.31,0,240.3,130,58.1,8.13,11.9
0,135,1,0,0.0,1,190.9,44,47.0,8.07,8.4
0,46,1,0,0.3,1,122.2,67,38.0,8.36,9.7
0,141,0,1,3.02,0,258.6,84,93.2,11.1,11.2
0,79,1,1,1.13,2,50.6,62,37.3,10.07,4.2
0,131,1,1,1.81,1,174.0,118,66.1,10.27,6.7
0,1,1,1,2.19,1,208.0,115,73.9,9.25,8.1
0,83,0,1,2.86,2,94.7,111,58.6,7.72,10.6
0,106,1,1,3.81,4,165.9,126,85.1,10.83,14.1
0,104,0,0,0.0,0,148.2,108,39.0,8.09,11.0
0,150,1,0,0.36,3,126.0,99,45.6,11.93,10.2
0,91,1,1,1.51,1,175.3,96,68.1,13.12,5.6
0,60,1,0,0.0,1,135.4,134,41.0,10.3,7.9
0,117,1,1,2.35,2,205.7,98,70.5,6.81,8.7
0,132,1,0,0.0,3,240.1,115,57.0,9.02,8.0
0,85,0,0,0.0,3,116.2,86,40.0,11.49,10.1
0,120,1,0,0.0,1,178.4,97,45.0,8.42,9.3
0,79,0,0,0.31,2,103.5,134,48.1,15.97,8.4
0,48,1,0,0.0,1,198.2,73,51.0,10.14,5.1
0,101,1,0,0.0,1,190.7,72,51.0,10.43,8.8
0,98,1,0,0.3,3,126.3,102,39.0,8.34,9.4
0,42,1,0,0.0,0,196.5,89,54.0,12.07,4.0
0,59,1,0,0.0,2,107.8,113,37.0,10.83,9.9
1,38,1,0,0.42,5,175.7,109,52.2,10.59,9.2
0,190,1,0,0.0,1,169.4,102,51.0,12.68,8.9
0,31,1,0,0.0,0,177.3,129,44.0,7.64,5.1
0,87,1,0,0.29,1,146.3,108,42.9,8.59,5.3
1,151,0,0,0.29,0,218.0,57,49.9,5.72,12.4
0,27,1,0,0.0,0,193.8,102,44.0,5.95,9.2
0,122,1,1,2.3,2,134.2,85,66.0,11.37,8.5
0,43,1,0,0.36,0,230.2,147,58.6,9.34,9.2
0,123,1,0,0.24,0,114.4,91,40.4,10.83,11.0
0,119,1,0,0.18,2,190.4,74,52.8,10.78,10.0
0,44,1,0,0.0,1,240.3,146,55.0,8.23,10.6
0,140,0,1,3.11,4,188.9,124,77.1,8.05,11.5
0,166,1,0,0.0,3,199.6,93,53.0,10.72,7.2
0,107,1,0,0.0,1,103.4,94,34.0,9.47,14.4
0,98,1,0,0.0,2,162.8,65,44.0,9.25,6.0
0,141,1,0,0.0,0,192.4,111,47.0,7.85,11.0
0,122,1,1,2.32,2,204.5,92,70.2,6.98,8.6
0,110,1,0,0.0,2,99.4,62,41.0,13.75,16.7
0,81,1,0,0.0,1,145.4,132,36.0,6.47,5.2
0,133,1,0,0.0,4,221.1,133,52.0,8.01,8.4
0,116,1,0,0.0,2,229.3,93,55.0,9.23,8.8
0,79,1,0,0.0,2,134.7,98,40.0,9.49,11.8
0,70,1,0,0.3,1,170.2,98,46.0,7.76,15.0
0,166,1,0,0.0,2,203.4,81,49.0,8.39,9.2
0,75,1,1,3.35,1,130.9,115,73.5,10.17,12.4
0,101,1,1,3.92,1,144.1,144,78.2,8.38,14.5
0,87,1,0,0.0,3,177.2,72,52.0,12.45,8.6
0,132,1,0,0.0,1,121.5,88,43.0,12.65,10.7
0,40,1,0,0.28,0,242.5,82,64.8,11.65,9.6
0,82,1,0,0.0,4,200.3,96,52.0,10.06,7.1
0,9,1,1,2.73,1,214.1,108,78.3,8.46,10.1
1,74,0,0,0.0,1,125.8,103,40.0,10.39,14.1
0,205,1,1,2.11,2,175.8,139,65.1,7.75,7.8
0,77,1,1,2.73,1,149.4,74,63.3,6.2,10.1
1,138,0,0,0.0,4,46.5,104,24.0,9.3,9.6
0,122,1,0,0.29,2,107.9,88,41.9,11.79,9.5
0,80,1,0,0.0,0,206.3,97,49.0,7.75,12.4
0,116,1,0,0.0,1,51.1,106,27.0,10.43,12.3
0,128,1,0,0.0,4,199.3,86,51.0,9.74,14.3
0,89,1,0,0.0,1,179.7,128,57.0,14.99,7.6
0,88,1,0,0.0,0,55.6,65,31.0,12.14,11.3
0,116,1,0,0.0,3,137.4,126,34.0,6.0,12.4
0,141,1,0,0.26,3,51.9,108,25.6,8.1,10.1
1,97,1,0,0.0,4,120.8,96,35.0,8.49,11.9
0,64,1,0,0.0,2,194.2,147,48.0,8.67,5.5
1,113,0,0,0.0,5,122.2,112,32.0,6.59,10.3
0,88,1,0,0.26,3,144.3,116,40.6,7.82,7.8
0,47,1,1,3.48,2,196.6,93,88.8,12.07,12.9
0,87,1,0,0.0,0,58.0,125,16.0,3.38,11.5
0,108,1,1,2.92,0,171.6,110,70.2,6.81,10.8
0,134,1,0,0.0,0,244.1,99,63.0,12.35,7.2
0,54,1,1,2.48,3,206.9,143,71.8,6.39,9.2
0,25,1,0,0.14,3,119.3,87,40.4,10.58,10.5
0,136,0,1,2.84,3,203.9,106,79.4,9.38,10.5
0,122,1,0,0.0,0,141.4,128,37.0,7.32,8.1
0,158,1,0,0.0,2,222.8,101,56.0,10.15,6.9
0,82,1,0,0.17,1,143.9,61,43.7,9.75,11.1
0,100,1,0,0.0,1,185.0,122,47.0,9.13,5.1
0,153,1,0,0.0,1,193.8,90,50.0,9.77,8.5
1,61,1,1,2.75,2,105.0,78,61.5,9.03,10.2
0,125,1,0,0.0,2,212.3,89,55.0,10.77,11.3
0,95,1,0,0.0,2,167.6,96,44.0,8.8,13.4
1,167,1,0,0.0,4,131.6,120,41.0,10.57,11.1
0,118,1,0,0.0,2,154.6,112,42.0,9.21,12.6
0,93,1,0,0.31,0,151.4,89,45.1,9.32,10.9
0,193,1,1,3.32,1,124.0,102,72.2,10.15,12.3
0,107,1,0,0.0,2,194.5,97,49.0,9.32,12.7
0,95,1,0,0.0,1,175.2,91,51.0,12.22,7.5
0,128,1,0,0.0,0,179.4,94,54.0,13.52,7.9
0,86,1,0,0.0,1,171.8,106,55.0,15.09,9.7
0,99,0,0,0.0,4,197.2,127,47.0,7.8,9.9
0,134,1,0,0.35,2,177.2,91,53.5,11.44,8.9
1,120,0,0,0.0,2,202.0,123,51.0,9.22,7.4
1,103,1,1,3.75,4,110.5,101,74.5,10.42,13.9
1,95,0,0,0.0,4,228.9,134,61.0,12.79,10.1
0,117,1,0,0.0,3,102.3,100,29.0,6.76,15.7
0,80,1,1,2.89,4,166.4,92,77.9,11.92,10.7
1,121,1,0,0.21,0,144.8,126,44.1,10.03,13.3
0,27,1,0,0.0,3,177.6,121,56.0,14.84,7.6
0,137,1,1,3.08,2,189.6,42,78.8,8.95,11.4
0,76,1,0,0.38,1,90.5,142,37.8,10.59,9.3
0,83,1,0,0.0,2,134.8,96,38.0,8.36,7.7
0,98,1,0,0.0,4,221.2,80,56.0,10.68,11.9
0,81,0,0,0.25,0,227.4,105,59.5,10.58,11.9
1,138,0,1,2.89,3,211.2,117,91.9,15.63,10.7
0,132,1,1,2.32,2,175.7,93,69.2,9.36,8.6
0,76,1,0,0.21,1,165.7,94,53.1,12.87,10.0
0,146,1,1,2.21,3,154.0,80,64.1,9.28,8.2
0,101,1,0,0.37,4,253.2,89,67.7,11.9,9.7
0,92,0,0,0.0,1,173.1,140,50.0,12.02,9.0
0,48,1,0,0.0,2,300.4,94,63.0,6.66,7.2
1,117,1,0,0.39,5,118.4,126,45.9,12.47,13.6
0,129,1,0,0.0,1,168.4,117,48.0,10.86,11.8
0,141,1,1,2.0,1,308.0,123,94.0,12.39,7.4
0,131,1,0,0.31,1,197.0,79,54.1,10.05,11.6
0,144,0,1,3.46,0,174.8,127,83.6,10.98,12.8
0,68,1,1,2.67,0,239.5,82,85.7,10.19,9.9
0,75,1,0,0.0,3,224.7,116,55.0,9.6,11.3
0,190,1,1,2.67,1,116.7,71,59.7,7.3,9.9
0,165,1,1,4.32,0,111.6,140,81.2,10.67,16.0
0,130,1,0,0.0,1,154.0,95,44.0,10.3,12.9
0,64,1,0,0.0,1,219.6,126,64.0,15.17,9.7
0,107,1,0,0.32,3,204.5,108,52.2,8.12,13.4
0,73,1,0,0.0,2,254.8,85,56.0,7.17,15.0
0,103,1,0,0.0,1,246.5,47,59.0,9.78,11.7
1,84,1,0,0.0,2,289.1,100,70.0,11.69,12.7
0,166,1,0,0.0,0,274.3,110,52.0,2.65,10.9
0,67,1,0,0.0,1,210.7,116,55.0,10.96,7.2
0,64,1,0,0.29,3,113.8,97,38.9,9.62,10.4
0,115,1,0,0.0,2,178.7,114,54.0,13.55,16.4
0,155,1,0,0.0,2,262.4,55,62.0,9.73,8.3
0,50,1,0,0.0,1,157.1,90,46.0,11.17,6.1
0,73,1,0,0.0,0,203.3,45,47.0,7.1,8.5
0,98,1,1,2.62,0,278.3,89,82.2,4.67,9.7
1,89,1,0,0.0,5,129.2,71,41.0,10.71,10.3
0,68,1,0,0.0,2,143.6,80,36.0,6.72,15.5
0,129,1,1,3.08,1,211.0,99,80.8,7.76,11.4
0,84,1,0,0.0,0,138.6,102,41.0,9.95,7.8
0,162,1,0,0.0,1,184.5,118,51.0,11.2,11.6
1,109,1,1,2.43,6,111.2,90,66.3,13.18,9.0
1,93,0,1,3.78,1,225.7,117,86.8,5.98,14.0
0,87,1,1,0.0,1,151.4,95,39.0,7.62,0.0
0,114,1,1,3.4,3,154.6,100,81.0,12.08,12.6
0,79,1,0,0.0,2,213.6,110,57.0,11.75,8.8
0,123,1,1,4.16,1,270.4,99,108.6,12.26,15.4
0,149,1,1,2.94,1,206.7,79,79.4,8.73,10.9
0,75,1,1,0.68,1,200.6,96,55.8,8.21,2.5
0,124,1,0,0.0,0,253.5,104,54.0,5.9,14.0
0,102,1,0,0.33,1,271.1,80,64.3,8.6,10.3
0,36,1,1,3.92,0,146.3,128,78.2,8.13,14.5
1,63,1,0,0.0,0,261.8,69,66.0,12.25,14.7
0,166,0,1,3.08,1,175.8,126,82.8,12.68,11.4
0,79,1,0,0.31,3,156.9,109,41.1,6.11,11.3
0,153,1,0,0.33,0,228.9,102,56.3,8.04,12.5
1,93,1,1,3.19,4,134.2,105,68.9,8.13,11.8
0,179,1,0,0.32,1,234.5,134,57.2,8.21,6.1
1,159,1,0,0.0,1,189.1,105,54.0,12.31,10.4
0,22,1,0,0.0,2,181.8,108,48.0,9.93,9.3
0,90,1,0,0.0,1,167.5,96,41.0,6.96,13.0
1,147,0,0,0.0,0,225.2,111,54.0,9.25,9.9
0,43,1,0,0.0,1,241.9,101,53.0,6.47,5.9
0,86,1,1,3.43,2,261.2,122,97.3,10.71,12.7
0,85,1,0,0.2,0,259.8,85,67.0,12.12,5.4
1,68,1,0,0.21,1,213.9,112,61.1,13.03,8.4
0,130,1,0,0.0,0,68.4,86,29.0,9.67,10.4
0,74,1,0,0.0,1,172.1,105,48.0,10.59,11.6
0,166,0,1,2.38,2,128.2,138,69.8,13.73,8.8
0,63,1,0,0.0,1,58.9,125,25.0,8.48,9.4
0,117,1,0,0.0,0,239.9,84,56.0,8.74,9.8
0,100,1,1,2.65,0,224.7,121,90.5,14.7,9.8
0,111,1,0,0.33,0,181.8,117,48.3,7.91,9.7
0,89,1,1,1.59,0,97.8,98,50.9,10.36,5.9
1,128,1,0,0.0,1,237.9,125,62.0,12.38,13.9
0,165,1,0,0.0,0,209.4,67,59.0,13.69,12.8
0,65,1,1,2.65,0,224.2,106,81.5,9.48,9.8
0,90,1,0,0.0,2,109.6,88,31.0,6.88,11.0
0,90,1,0,0.32,2,157.9,72,50.2,11.7,12.2
0,84,1,0,0.14,2,226.9,144,57.4,10.08,13.2
0,74,1,0,0.34,0,187.7,127,49.4,8.17,9.1
0,121,1,1,2.62,5,263.1,70,95.2,13.97,9.7
0,71,1,0,0.0,3,197.9,108,50.0,9.08,6.7
0,117,1,1,3.19,0,216.0,140,87.9,11.21,11.8
0,146,0,0,0.0,2,160.1,63,45.0,10.42,9.2
0,136,1,0,0.0,1,152.6,97,44.0,10.45,5.0
0,139,1,0,0.35,0,139.0,110,38.5,6.65,12.1
1,108,1,0,0.27,2,291.6,99,71.7,11.06,14.0
0,88,1,0,0.27,1,181.9,90,46.7,7.58,7.5
0,185,1,0,0.0,2,55.6,97,34.0,14.44,12.1
0,105,1,1,3.08,1,141.2,96,69.8,8.39,11.4
0,83,1,0,0.0,2,159.3,104,45.0,10.12,9.5
0,109,1,0,0.0,1,184.1,143,50.0,10.59,9.9
0,126,1,1,3.27,0,58.9,125,68.7,15.28,12.1
0,90,1,0,0.0,3,37.8,80,20.0,7.77,14.2
1,136,0,0,0.0,3,199.6,89,52.0,10.57,11.0
0,166,1,0,0.23,0,152.1,95,39.3,6.05,9.8
0,106,1,0,0.25,2,165.3,118,48.5,10.5,8.5
0,93,1,1,2.16,2,178.7,134,67.6,8.93,8.0
0,123,1,0,0.0,3,150.0,98,34.0,4.49,11.1
0,88,1,0,0.0,1,218.2,76,52.0,8.47,8.0
0,151,1,1,2.32,1,214.7,97,72.2,6.93,8.6
0,148,1,1,4.73,1,93.6,137,80.3,9.69,17.5
0,59,1,0,0.26,1,151.8,98,46.6,10.5,11.9
0,122,1,0,0.0,0,232.5,96,57.0,10.28,11.9
1,130,1,0,0.0,1,263.7,113,61.0,9.33,18.3
0,98,1,0,0.0,1,169.9,77,41.0,6.92,8.5
0,149,1,0,0.0,1,187.6,83,50.0,10.07,8.8
0,156,1,0,0.42,1,150.5,106,43.2,7.65,3.5
0,201,1,1,4.08,1,192.0,97,93.8,11.96,15.1
0,123,1,0,0.0,3,166.9,98,48.0,11.09,12.8
0,45,1,1,2.13,2,135.8,104,63.3,11.13,7.9
0,75,1,0,0.0,1,190.5,91,48.0,8.92,13.1
0,124,0,0,0.0,1,244.6,89,58.0,9.44,11.3
0,152,1,0,0.0,1,228.1,93,51.0,6.82,9.0
0,103,1,0,0.0,1,141.3,123,46.0,12.68,6.4
1,66,1,0,0.0,4,154.0,133,44.0,9.95,9.5
1,111,1,0,0.0,4,172.8,58,45.0,9.16,7.9
1,161,1,0,0.0,1,297.9,141,71.0,11.91,8.9
1,116,0,1,3.16,3,162.3,91,83.6,13.97,11.7
0,137,1,0,0.0,1,215.9,76,50.0,7.27,12.1
0,126,1,1,2.35,0,278.0,88,92.5,12.66,8.7
0,162,1,1,3.32,0,184.5,139,80.2,9.16,12.3
0,114,1,1,3.51,0,222.8,98,89.1,9.03,13.0
0,144,0,0,0.27,0,150.0,69,52.7,14.3,9.4
0,87,0,1,3.11,1,221.6,79,83.1,7.86,11.5
0,98,1,1,1.78,2,111.1,105,55.8,10.9,6.6
0,168,1,1,3.08,2,97.4,57,64.8,10.18,11.4
0,148,1,0,0.45,1,185.2,87,50.5,8.52,9.5
0,90,1,1,1.73,1,124.5,94,58.3,11.59,6.4
0,33,1,0,0.21,1,159.5,115,46.1,9.77,7.1
0,179,1,0,0.0,0,116.1,101,37.0,10.09,11.6
1,82,1,0,0.0,0,329.8,73,74.0,10.42,10.6
0,56,1,0,0.0,1,226.0,112,60.0,12.43,6.9
0,91,1,0,0.0,1,133.8,61,37.0,7.94,10.5
0,75,1,0,0.0,1,203.3,70,55.0,11.45,14.3
1,113,1,0,0.0,1,209.4,151,66.0,17.37,7.4
0,41,1,1,1.59,1,207.3,95,62.9,6.87,5.9
0,163,1,1,2.81,1,160.0,104,72.1,9.47,10.4
0,139,1,0,0.0,1,165.0,132,50.0,12.49,12.6
0,125,1,0,0.0,2,126.7,113,35.0,7.78,14.4
0,76,1,0,0.0,0,204.2,100,60.0,14.63,10.5
0,125,1,0,0.39,2,131.8,97,38.9,6.84,7.7
0,157,1,0,0.0,1,196.0,74,52.0,10.67,7.9
0,189,1,0,0.0,3,208.3,106,56.0,11.84,11.3
0,156,1,0,0.0,1,237.7,122,56.0,9.08,7.7
0,62,1,0,0.0,2,172.8,101,47.0,10.24,9.1
0,122,1,1,4.21,2,146.4,104,75.1,4.49,15.6
1,178,0,0,0.0,2,124.5,134,34.0,7.06,11.4
0,99,1,1,2.86,2,179.1,93,79.6,11.92,10.6
0,182,1,0,0.36,2,104.9,111,38.6,9.93,8.0
0,81,0,0,0.0,1,250.6,85,59.0,9.4,7.8
1,132,1,0,0.0,5,193.3,106,44.0,6.42,11.6
0,178,1,1,2.84,2,175.4,88,74.4,9.5,10.5
0,131,1,1,1.4,1,177.1,100,61.0,9.7,5.2
0,64,1,0,0.29,1,162.6,83,43.9,7.62,14.2
0,67,1,1,2.54,1,230.6,40,81.4,9.46,9.4
1,154,1,0,0.0,3,154.5,122,45.0,10.71,12.0
1,113,1,1,2.35,5,157.8,83,64.5,8.08,8.7
0,64,1,1,2.03,1,291.1,150,89.3,11.34,7.5
0,124,1,0,0.0,0,194.0,103,54.0,12.05,11.9
1,121,0,0,0.0,3,167.7,94,37.0,4.69,13.4
0,97,1,0,0.0,2,239.8,125,60.0,10.74,8.7
0,55,1,0,0.0,0,175.6,147,44.0,8.09,9.3
1,88,1,0,0.0,4,85.7,112,34.0,11.08,11.6
1,108,0,0,0.38,2,115.1,114,41.8,10.57,13.8
1,138,0,0,0.0,2,286.2,61,65.0,9.36,11.0
0,120,1,1,2.75,5,153.5,84,70.5,9.7,10.2
0,128,1,0,0.28,0,195.6,99,59.8,13.39,16.0
0,64,1,1,1.22,0,94.4,104,40.2,6.81,4.5
0,162,1,0,0.0,1,49.2,121,21.0,7.2,12.1
0,121,1,0,0.0,2,86.1,100,37.0,12.99,9.1
0,65,1,0,0.0,3,211.3,120,50.0,8.13,13.2
0,50,1,1,2.13,2,192.6,97,66.3,6.76,7.9
0,137,1,0,0.0,1,127.0,107,50.0,16.16,7.5
1,127,0,0,0.0,1,176.9,110,45.0,8.4,7.7
0,36,1,0,0.0,1,178.6,83,49.0,10.66,10.9
0,99,1,1,1.97,2,87.7,103,53.7,11.15,7.3
0,75,0,0,0.0,3,166.7,113,41.0,7.42,10.1
0,83,1,0,0.0,3,178.8,102,45.0,8.4,8.6
0,141,1,0,0.0,1,151.5,104,47.0,12.11,10.8
0,148,0,0,0.0,1,218.7,111,51.0,7.78,8.2
0,138,1,0,0.28,2,87.6,112,40.8,13.35,9.8
1,108,1,0,0.0,4,154.2,123,36.0,5.62,15.4
0,64,0,1,2.19,0,127.2,93,57.9,8.15,8.1
0,107,1,0,0.0,0,123.1,100,35.0,7.92,9.3
0,83,1,1,3.59,0,95.9,87,74.9,13.08,13.3
0,118,1,0,0.0,0,154.8,71,48.0,12.2,12.8
0,64,1,0,0.0,2,174.5,98,45.0,9.01,10.7
0,66,1,0,0.33,3,116.4,98,31.3,4.78,10.5
0,133,1,0,0.0,2,216.2,67,56.0,11.11,3.1
0,122,1,0,0.0,3,173.6,110,38.0,4.59,9.7
1,44,1,0,0.33,2,228.1,121,66.3,13.83,9.9
0,52,1,0,0.32,3,191.9,108,59.2,13.49,7.8
0,70,1,0,0.0,3,134.7,96,43.0,11.8,7.6
0,125,1,0,0.0,0,163.8,73,50.0,12.78,15.7
1,62,0,1,3.56,0,218.4,93,93.6,11.84,13.2
0,116,1,1,3.19,2,253.0,78,86.9,6.95,11.8
0,100,1,0,0.3,0,216.2,107,59.0,10.78,10.2
1,98,1,0,0.0,1,165.0,129,46.0,10.13,12.5
0,72,1,0,0.42,3,118.2,106,39.2,8.36,12.2
0,53,1,0,0.0,2,145.1,116,45.0,11.69,7.9
0,91,1,1,2.94,1,169.8,105,64.4,3.26,10.9
0,59,1,0,0.28,3,160.9,95,51.8,12.56,5.0
0,66,0,0,0.28,3,208.7,84,53.8,8.67,8.3
1,66,1,0,0.0,1,167.3,91,48.0,11.5,10.6
0,115,1,1,3.11,1,222.6,81,86.1,9.52,11.5
0,90,1,0,0.0,1,246.4,83,56.0,8.02,7.6
0,73,1,0,0.0,1,224.4,90,52.0,7.98,13.0
0,110,1,0,0.24,3,100.1,90,39.4,11.67,11.1
0,72,1,1,3.97,3,220.0,80,95.7,10.87,14.7
0,95,1,0,0.22,2,184.2,95,49.2,9.08,12.8
0,123,1,1,1.78,3,212.3,77,75.8,12.58,6.6
0,87,1,0,0.38,1,231.3,105,57.8,8.59,13.0
0,129,1,0,0.0,1,101.4,145,39.0,12.46,7.1
0,143,1,0,0.29,1,110.1,113,36.9,8.45,9.2
0,52,1,1,1.43,2,195.7,119,57.3,5.31,5.3
0,135,1,0,0.0,4,218.8,123,58.0,12.14,10.3
0,190,1,1,2.3,0,166.5,93,67.0,9.15,8.5
0,13,1,0,0.0,2,220.4,100,56.0,10.56,13.6
0,24,1,1,1.94,3,236.3,105,76.4,9.54,7.2
0,57,1,1,3.97,1,179.2,105,94.7,14.16,14.7
0,22,1,0,0.0,0,110.3,107,33.0,8.33,9.5
0,107,1,1,3.02,1,281.1,83,90.2,7.19,11.2
0,1,1,1,2.27,0,183.1,95,73.7,11.63,8.4
0,122,1,0,0.0,3,215.6,86,51.0,8.39,6.4
0,96,1,0,0.0,5,260.4,115,57.0,7.3,11.5
0,163,1,1,3.32,2,231.9,56,91.2,10.59,12.3
1,85,1,1,2.51,4,89.8,88,61.1,11.66,9.3
0,97,1,0,0.27,3,144.2,91,46.7,11.34,13.8
0,158,1,0,0.0,2,172.4,114,52.0,12.83,0.0
0,35,1,1,1.35,2,181.2,76,59.5,8.88,5.0
1,106,0,0,0.0,1,133.7,45,39.0,9.39,10.7
1,133,0,1,4.16,2,221.1,137,102.6,13.25,15.4
0,115,1,0,0.23,3,268.0,115,61.3,7.68,17.0
0,134,1,0,0.0,0,202.7,105,54.0,11.25,12.1
0,53,1,0,0.0,2,184.8,98,50.0,10.82,18.4
0,113,1,0,0.0,1,186.0,55,52.0,11.87,12.2
1,61,1,1,1.73,4,187.5,124,62.3,7.33,6.4
0,172,1,0,0.0,4,203.9,109,55.0,11.7,17.8
0,91,1,1,1.78,3,204.6,96,64.8,6.8,6.6
0,50,1,0,0.0,3,188.9,94,50.0,10.2,11.6
1,71,0,0,0.0,4,186.1,114,49.0,9.93,13.8
0,107,1,0,0.0,0,133.8,85,39.0,9.03,8.9
0,127,1,0,0.0,2,220.2,108,54.0,9.42,11.7
0,45,1,1,2.08,1,91.7,104,49.8,7.53,7.7
0,98,1,0,0.0,0,216.8,86,54.0,9.54,11.0
0,129,1,0,0.0,0,139.5,119,49.0,14.47,13.1
0,94,0,1,2.57,4,197.1,125,77.7,10.73,9.5
1,127,1,0,0.26,1,266.6,106,70.6,13.24,5.9
0,160,1,0,0.0,3,97.5,113,40.0,13.41,13.2
0,78,1,0,0.0,0,163.6,88,52.0,14.17,8.6
0,124,1,0,0.0,1,193.0,97,41.0,4.49,15.3
1,161,1,0,0.0,2,322.3,100,75.0,11.52,7.8
0,67,1,1,3.62,0,174.7,86,80.2,8.03,13.4
0,183,1,0,0.0,0,108.3,87,35.0,9.18,13.5
0,22,1,0,0.0,1,160.4,108,46.0,10.91,12.5
0,106,1,0,0.0,1,235.2,121,59.0,11.03,11.8
0,110,1,0,0.0,3,151.8,106,38.0,6.9,11.2
0,116,1,1,2.97,1,182.8,122,79.7,10.64,11.0
0,85,1,1,3.73,1,196.4,139,95.3,14.05,13.8
0,94,1,0,0.21,2,190.4,91,43.1,4.6,13.6
1,69,0,0,0.0,2,279.8,90,69.0,12.44,8.4
0,34,1,0,0.0,0,151.0,102,37.0,6.57,9.9
0,115,1,0,0.0,1,200.2,92,55.0,12.25,8.8
0,121,1,1,1.73,2,110.0,94,48.3,7.08,6.4
0,65,1,0,0.0,2,153.9,117,45.0,11.01,8.5
0,58,1,0,0.0,2,165.4,100,38.0,5.79,12.8
1,72,1,0,0.0,4,287.4,116,69.0,11.77,5.0
0,46,1,1,1.94,1,191.4,102,83.4,18.09,7.2
1,68,0,0,0.0,1,148.5,126,44.0,10.97,14.5
0,65,1,0,0.0,1,213.4,111,57.0,11.73,2.7
0,91,1,0,0.0,2,134.7,116,48.0,14.77,6.6
0,132,1,0,0.32,1,163.2,80,45.2,8.38,6.2
0,79,1,1,3.24,1,236.7,95,95.4,13.18,12.0
0,127,1,0,0.0,0,107.9,128,35.0,9.35,0.0
0,217,1,0,0.29,0,123.7,138,45.9,12.43,13.3
0,75,1,0,0.0,1,138.5,110,37.0,7.66,11.1
0,123,1,1,3.38,1,198.7,127,88.8,12.45,12.5
0,169,1,0,0.0,2,142.5,82,44.0,11.57,10.0
0,217,1,0,0.0,4,176.4,115,44.0,7.94,9.3
0,41,1,1,4.64,2,194.4,63,101.4,12.75,17.2
0,158,1,0,0.0,2,155.9,123,46.0,11.21,8.6
0,106,1,1,2.19,1,83.6,131,53.9,10.2,8.1
1,90,0,1,3.59,0,169.0,104,80.9,9.44,13.3
0,106,1,0,0.0,0,128.6,83,34.0,6.7,11.4
0,111,1,0,0.35,1,78.3,119,34.5,9.91,12.1
0,131,1,1,2.05,3,249.6,87,82.5,11.36,7.6
0,60,0,0,0.0,1,183.0,110,49.0,10.34,11.1
0,99,1,0,0.0,0,142.3,89,42.0,10.23,9.1
0,153,1,0,0.0,0,166.8,127,41.0,7.18,11.8
0,36,1,0,0.0,0,117.1,94,40.0,11.77,9.0
0,101,1,0,0.0,1,231.3,87,59.0,11.24,7.2
0,46,1,0,0.21,3,199.2,111,51.1,8.76,10.2
0,109,1,0,0.31,3,180.0,100,54.1,11.45,7.8
0,125,1,0,0.0,0,224.9,102,51.0,7.19,8.0
0,54,1,1,3.05,2,112.0,90,67.5,10.4,11.3
0,87,1,0,0.31,0,136.3,97,41.1,8.61,7.1
1,144,1,0,0.0,1,278.5,95,68.0,12.04,11.6
0,77,1,1,1.92,2,209.7,73,71.2,9.18,7.1
0,105,1,1,2.4,1,186.9,114,78.0,12.82,8.9
1,121,1,0,0.0,3,255.1,93,67.0,13.35,8.8
0,129,0,0,0.0,1,267.4,78,63.0,10.21,5.9
1,100,1,0,0.0,6,70.8,94,31.0,10.78,9.5
1,98,1,1,2.16,6,168.0,81,64.6,8.16,8.0
0,51,0,1,3.32,2,135.8,60,74.2,10.03,12.3
0,121,1,0,0.0,1,177.2,142,41.0,6.18,8.4
1,120,1,0,0.0,1,212.1,131,54.0,10.47,5.3
0,104,1,0,0.27,5,280.4,127,65.7,8.97,15.2
0,120,1,0,0.21,0,185.7,133,54.1,11.76,16.9
0,86,1,1,2.57,0,119.0,101,65.7,11.5,9.5
0,95,1,0,0.0,1,135.0,99,39.0,9.18,12.5
0,55,1,1,2.62,1,222.5,104,79.2,8.58,9.7
0,113,0,0,0.31,1,204.3,82,54.1,9.44,9.2
0,102,1,0,0.0,0,174.5,79,50.0,11.84,8.5
0,90,0,0,0.0,1,221.8,97,56.0,10.19,8.4
0,87,1,0,0.0,4,256.2,105,58.0,8.04,7.4
0,141,1,0,0.0,1,215.6,113,54.0,10.03,12.4
0,110,1,0,0.0,0,148.4,95,42.0,9.69,6.9
0,110,1,0,0.0,2,241.2,105,56.0,8.72,8.5
0,119,1,0,0.34,1,222.8,122,55.4,8.16,11.2
0,76,1,1,2.19,1,214.6,110,75.9,10.26,8.1
0,166,1,0,0.0,0,136.1,116,39.0,9.07,11.3
0,28,1,0,0.0,3,236.8,102,55.0,8.36,9.7
0,96,1,1,2.3,1,150.0,91,63.0,7.97,8.5
0,101,1,0,0.31,3,136.2,92,45.1,11.05,13.3
0,27,1,0,0.0,1,227.4,67,60.0,12.4,7.8
0,91,1,0,0.0,0,149.0,115,47.0,12.27,8.3
0,104,1,0,0.0,2,144.5,107,40.0,9.03,17.0
1,193,1,0,0.29,2,96.8,92,31.9,7.13,10.9
0,136,1,0,0.0,0,102.1,75,37.0,10.98,9.8
0,116,1,1,1.89,2,204.7,118,71.9,10.47,7.0
0,32,1,0,0.0,1,171.2,82,45.0,9.28,10.2
1,177,0,0,0.0,1,248.7,118,57.0,8.62,11.3
0,172,1,0,0.0,3,215.7,140,50.0,7.32,7.1
0,139,1,1,2.24,0,138.3,96,53.4,4.03,8.3
0,204,1,0,0.0,6,174.3,85,52.0,12.71,5.9
0,146,1,1,2.11,1,202.5,91,76.1,12.07,7.8
0,117,1,0,0.0,1,143.3,103,43.0,10.57,11.5
0,72,1,0,0.0,2,165.9,114,49.0,11.8,12.0
0,60,1,0,0.27,2,203.2,99,57.7,11.79,15.1
0,127,1,0,0.0,0,261.7,105,60.0,9.09,3.3
0,52,1,1,3.65,1,133.3,63,75.5,9.21,13.5
0,123,1,1,2.11,1,124.7,105,64.1,12.52,7.8
0,147,1,1,3.73,5,254.2,78,100.3,11.41,13.8
0,88,1,0,0.0,2,161.5,92,43.0,8.68,7.9
0,52,1,0,0.34,2,124.9,131,50.4,15.03,11.6
0,132,1,0,0.0,0,214.6,78,58.0,12.59,13.9
0,196,1,0,0.36,1,133.1,80,44.6,10.33,10.3
0,104,1,0,0.34,3,109.1,141,38.4,9.36,10.0
0,60,1,1,3.46,2,191.8,75,90.6,13.39,12.8
0,122,0,0,0.0,1,146.3,117,44.0,10.94,11.5
0,165,1,0,0.0,1,242.9,126,60.0,10.49,0.0
0,105,1,0,0.0,2,166.1,93,44.0,8.8,16.2
0,92,1,0,0.0,1,157.7,101,53.0,14.93,13.8
0,127,0,0,0.3,1,256.5,87,66.0,11.11,13.0
0,127,1,0,0.0,1,146.7,91,43.0,10.18,13.7
1,136,1,0,0.31,1,259.4,99,62.1,8.64,10.7
0,70,1,0,0.27,0,7.9,100,15.7,6.82,12.1
0,86,1,0,0.0,1,223.9,75,52.0,7.79,7.3
0,137,1,0,0.0,1,109.8,120,39.0,11.53,11.9
0,61,1,0,0.2,1,234.2,76,61.0,10.84,13.9
1,177,1,0,0.0,3,266.1,91,65.0,11.26,8.9
0,62,1,0,0.0,2,189.5,122,42.0,5.19,10.8
0,139,1,0,0.29,1,138.1,103,40.9,8.23,8.3
1,54,1,0,0.0,1,286.6,73,68.0,11.16,11.5
0,169,1,0,0.0,3,147.2,115,39.0,8.1,7.2
0,106,1,0,0.0,1,158.7,74,33.0,3.22,10.2
0,95,1,1,2.86,0,262.2,123,87.6,8.26,10.6
0,28,1,0,0.0,0,187.8,94,54.0,12.43,10.6
0,113,1,0,0.0,1,90.6,130,30.0,8.53,5.4
0,70,1,0,0.0,3,214.8,87,48.0,6.55,9.4
0,142,1,0,0.0,1,145.4,93,43.0,10.46,10.9
0,67,1,1,2.48,0,161.7,114,70.8,10.38,9.2
1,208,1,0,0.33,2,326.5,67,74.3,8.82,10.7
0,68,1,0,0.0,2,207.6,68,57.0,12.58,10.9
1,82,1,0,0.31,6,167.1,77,43.1,6.59,9.4
1,96,1,1,2.78,5,172.7,93,67.8,6.01,10.3
1,122,0,0,0.0,0,230.9,132,60.0,12.16,11.0
0,98,1,1,3.24,1,121.0,105,72.4,10.95,12.0
0,121,1,0,0.0,3,190.7,103,49.0,9.18,9.8
0,97,1,0,0.0,3,218.0,86,53.0,9.2,6.4
0,27,1,0,0.0,1,72.7,75,31.0,10.43,9.9
0,59,1,0,0.0,0,189.7,100,43.0,5.8,7.4
0,122,1,0,0.0,0,136.7,115,44.0,12.16,8.6
0,130,1,0,0.0,0,124.3,70,45.0,13.54,3.5
0,114,1,0,0.0,2,202.1,100,51.0,9.79,13.3
0,88,1,0,0.0,2,274.6,105,61.0,8.06,9.2
1,50,1,0,0.0,5,131.1,129,36.0,8.03,5.6
0,121,1,1,2.03,0,245.0,95,81.3,10.85,7.5
0,99,1,0,0.0,1,95.4,105,34.0,10.36,5.6
0,92,1,1,2.4,1,242.2,96,79.0,7.99,8.9
1,75,1,0,0.0,4,109.0,88,41.0,12.97,13.3
0,66,1,1,2.4,0,190.8,100,79.0,13.07,8.9
0,120,1,1,2.62,2,212.7,73,85.2,12.88,9.7
0,76,1,0,0.0,1,143.7,55,40.0,8.66,5.8
1,29,1,0,0.0,2,313.2,103,72.0,10.82,12.8
0,74,1,0,0.0,1,165.3,120,45.0,9.93,9.8
0,107,1,1,3.7,1,161.6,123,82.0,9.78,13.7
1,94,0,0,0.0,1,89.5,94,45.0,17.0,7.9
0,37,1,0,0.0,0,206.0,89,51.0,9.3,8.4
0,76,1,0,0.0,1,204.0,69,54.0,11.26,9.6
0,65,1,1,2.4,1,158.1,104,79.0,16.11,8.9
0,67,1,1,3.92,1,129.6,107,81.2,11.65,14.5
0,89,1,0,0.25,3,115.4,99,40.5,10.5,15.9
1,143,1,0,0.0,4,167.8,72,47.0,10.55,10.5
0,108,1,1,2.57,2,169.8,136,69.7,8.69,9.5
0,172,1,0,0.0,0,172.5,85,51.0,12.66,5.9
1,106,0,1,3.89,1,270.3,111,103.9,10.76,14.4
0,184,1,1,2.75,0,200.3,76,83.5,12.68,10.2
0,133,1,0,0.0,2,187.0,65,44.0,7.07,10.0
0,85,1,0,0.0,2,96.7,97,33.0,9.69,9.7
0,152,1,0,0.0,3,197.1,126,45.0,6.51,7.4
0,123,1,0,0.0,1,159.1,94,48.0,12.08,6.5
0,73,1,0,0.0,1,182.3,115,48.0,9.96,18.0
0,119,1,1,2.05,3,117.8,66,62.5,12.84,7.6
0,131,1,1,2.46,0,69.1,122,45.6,5.07,9.1
0,47,1,1,3.56,2,112.8,150,75.6,12.2,13.2
0,66,1,1,2.4,1,174.7,92,74.0,11.61,8.9
0,139,1,0,0.0,2,203.2,81,48.0,7.63,9.7
0,111,1,0,0.0,4,229.4,107,58.0,10.71,10.4
1,115,0,0,0.0,2,122.0,110,40.0,11.01,10.8
0,87,1,0,0.29,1,228.7,90,55.9,8.15,11.8
0,60,1,0,0.0,0,207.8,109,46.0,6.18,5.7
0,122,1,1,2.08,2,166.0,62,69.8,11.7,7.7
1,82,1,0,0.0,3,189.2,81,48.0,9.22,10.6
0,115,1,0,0.0,3,132.0,90,40.0,9.88,0.0
0,232,1,0,0.14,1,165.6,104,46.4,9.8,11.8
1,88,1,0,0.0,4,166.7,61,44.0,8.97,6.8
0,81,1,1,3.16,3,115.9,120,71.6,11.83,11.7
1,136,1,0,0.45,1,269.8,106,70.5,11.44,10.1
0,197,1,0,0.24,3,154.8,111,43.4,8.58,10.6
0,191,1,0,0.0,1,162.0,104,49.0,12.06,10.9
0,105,1,0,0.26,2,147.7,103,47.6,11.14,12.8
1,146,1,0,0.0,4,138.4,104,38.0,7.95,3.9
0,60,1,0,0.0,2,180.3,67,49.0,10.4,12.8
0,107,1,0,0.0,3,134.0,104,38.0,8.73,7.3
0,103,1,0,0.0,0,263.4,118,60.0,8.96,10.3
0,92,1,0,0.0,1,197.0,84,57.0,13.47,10.8
0,164,1,0,0.0,3,192.1,95,54.0,12.49,7.3
0,94,1,0,0.0,3,212.1,98,53.0,9.47,8.4
0,155,1,0,0.0,2,163.0,93,46.0,10.2,15.1
0,106,1,0,0.0,3,208.3,89,50.0,8.47,15.9
0,122,1,0,0.0,2,119.3,93,40.0,11.2,8.7
0,88,1,0,0.0,2,152.9,119,41.0,8.56,12.0
0,117,1,1,1.19,0,221.3,82,63.9,8.38,4.4
1,127,0,0,0.0,4,143.2,60,40.0,8.98,6.2
0,84,1,0,0.0,1,75.3,96,29.0,9.0,12.3
0,154,1,1,2.43,2,192.3,82,71.3,8.27,9.0
1,152,1,0,0.0,1,317.8,60,68.0,7.65,10.4
0,174,1,0,0.29,1,239.2,72,59.9,9.43,8.8
0,47,1,1,2.11,1,141.3,94,60.1,8.4,7.8
0,64,1,0,0.31,1,145.5,116,48.1,11.42,8.9
0,24,1,0,0.0,0,235.6,132,50.0,5.8,16.2
1,68,0,1,3.83,3,125.7,92,83.3,13.8,14.2
0,174,1,0,0.21,2,190.3,98,56.1,12.64,7.2
0,42,0,0,0.0,2,180.7,127,46.0,8.73,12.0
0,134,1,0,0.0,1,242.4,126,55.0,7.65,11.8
0,104,1,0,0.3,1,278.4,106,58.0,4.05,9.8
0,115,1,1,3.83,2,145.0,72,80.3,9.73,14.2
0,99,1,0,0.33,1,145.6,106,37.3,4.92,10.9
0,59,1,1,2.46,0,127.4,110,55.6,5.17,9.1
0,45,1,0,0.0,1,207.6,71,49.0,7.64,12.4
1,107,0,0,0.0,3,133.3,106,39.0,9.15,12.9
0,72,1,0,0.0,0,166.5,102,51.0,13.05,13.3
1,76,1,0,0.0,0,272.7,97,67.0,11.82,7.7
1,112,1,0,0.0,5,111.9,92,29.0,5.7,14.1
0,122,1,0,0.0,2,243.8,98,49.0,4.2,13.7
0,98,1,0,0.0,5,206.5,92,51.0,8.81,12.4
0,121,1,1,2.54,0,211.9,110,80.4,10.76,9.4
0,123,1,0,0.0,0,105.0,150,40.0,12.58,14.9
1,94,1,0,0.18,1,234.4,103,65.8,13.97,2.0
0,146,1,0,0.0,1,115.6,77,38.0,10.68,10.7
0,53,1,1,3.46,2,131.2,63,76.6,11.37,12.8
0,70,1,0,0.0,1,222.8,114,57.0,10.8,0.0
0,36,1,0,0.0,3,235.1,97,57.0,9.84,7.0
0,138,1,0,0.27,1,133.9,87,39.7,8.32,15.4
1,88,1,0,0.39,4,301.5,136,77.9,12.89,13.4
0,5,1,0,0.0,3,199.2,106,50.0,9.37,13.3
0,112,1,0,0.0,2,167.6,100,42.0,7.73,17.3
1,134,1,1,1.65,2,247.2,105,78.5,11.28,6.1
0,86,1,1,2.73,0,197.9,99,75.3,8.28,10.1
1,127,1,0,0.0,0,245.2,91,61.0,10.86,13.9
0,89,0,0,0.0,0,206.9,134,50.0,8.39,10.9
0,72,1,0,0.0,0,253.0,73,62.0,10.97,9.8
0,225,1,0,0.0,1,182.7,142,53.0,12.33,8.8
0,45,1,0,0.0,1,96.1,103,38.0,12.34,9.7
1,93,0,0,0.0,1,216.9,61,55.0,10.37,17.5
0,83,1,0,0.0,0,117.9,101,34.0,8.02,11.4
0,63,1,1,2.78,0,214.2,61,79.8,9.06,10.3
0,132,1,0,0.0,0,195.1,100,46.0,7.44,6.7
0,167,0,0,0.0,2,219.1,100,58.0,12.15,10.1
0,94,0,0,0.0,1,170.1,113,53.0,13.59,8.7
0,53,1,1,3.54,3,145.7,146,79.4,11.03,13.1
0,170,1,1,3.51,0,178.1,130,86.1,12.14,13.0
0,102,1,0,0.0,0,158.0,94,45.0,10.4,10.1
0,48,1,0,0.0,2,210.8,84,52.0,9.48,16.4
0,122,1,1,2.27,3,195.4,83,79.7,13.41,8.4
0,68,1,0,0.28,1,178.7,61,54.8,12.62,8.4
0,79,1,0,0.24,1,144.0,90,39.4,6.79,13.0
1,95,0,0,0.0,1,165.5,84,53.0,14.31,11.5
0,122,1,1,3.13,1,163.0,107,86.3,15.64,11.6
0,128,1,1,4.32,1,142.3,73,84.2,9.74,16.0
0,133,1,0,0.0,0,201.7,85,49.0,8.47,6.0
0,35,1,0,0.0,0,105.6,129,40.0,12.91,8.7
0,105,1,1,2.92,3,274.7,99,93.2,9.68,10.8
0,62,1,0,0.29,1,159.9,100,44.9,8.61,5.6
0,173,1,0,0.0,0,172.5,78,42.0,7.13,10.9
0,107,1,0,0.0,3,146.9,94,35.0,5.72,11.4
0,128,1,1,2.92,0,222.9,136,90.2,13.1,10.8
0,72,1,0,0.28,2,179.9,113,46.8,7.49,9.8
0,87,0,1,2.92,1,171.2,138,74.2,9.29,10.8
0,16,1,0,0.0,1,209.5,89,51.0,8.64,8.8
0,94,0,0,0.28,1,235.6,131,59.8,9.74,8.6
0,102,0,0,0.0,3,224.2,81,59.0,12.17,12.0
0,38,1,0,0.0,2,131.2,98,37.0,8.15,8.2
0,140,1,0,0.0,1,159.1,104,50.0,13.49,10.3
0,72,1,0,0.0,0,207.8,92,52.0,9.79,13.1
1,115,1,0,0.0,7,139.3,89,41.0,9.62,9.3
1,92,0,0,0.21,2,130.7,113,47.1,13.03,9.4
0,127,1,0,0.33,2,221.0,100,55.3,8.04,6.8
0,117,1,1,2.62,1,207.6,65,75.2,7.64,9.7
0,33,1,1,4.05,0,186.8,124,94.5,13.05,15.0
0,18,1,0,0.27,3,197.0,97,53.7,10.19,8.7
0,38,1,0,0.0,2,137.8,86,48.0,14.32,14.1
0,53,1,1,1.76,1,25.9,119,39.6,10.33,6.5
0,62,1,0,0.0,1,281.0,66,62.0,8.03,0.0
0,55,1,0,0.0,2,194.1,121,49.0,8.83,7.0
0,106,1,1,2.21,3,88.5,100,65.1,16.24,8.2
1,120,0,0,0.0,1,179.9,72,46.0,8.5,13.8
0,41,1,0,0.0,1,143.6,117,38.0,7.62,8.6
0,3,1,1,3.08,2,67.4,116,63.8,12.2,11.4
1,88,1,0,0.0,1,264.8,124,66.0,12.27,14.8
1,75,1,0,0.0,2,314.6,102,68.0,8.49,5.7
0,106,1,0,0.0,3,212.9,110,53.0,9.35,6.3
0,94,1,0,0.0,1,190.6,108,46.0,7.62,7.5
0,66,1,0,0.0,1,118.0,133,42.0,12.41,5.3
0,62,1,0,0.0,2,182.3,101,59.0,16.41,11.2
0,141,1,0,0.0,0,217.1,110,58.0,12.08,12.0
0,148,1,1,4.46,2,209.2,110,90.6,5.83,16.5
0,20,1,0,0.0,2,186.8,89,54.0,12.67,12.3
0,119,1,0,0.0,3,230.4,117,59.0,11.25,7.6
0,99,1,0,0.0,1,191.2,110,47.0,8.2,14.1
0,96,1,0,0.0,1,170.5,86,53.0,13.88,12.2
0,71,1,0,0.0,2,103.3,103,30.0,6.93,9.0
0,48,1,0,0.0,1,240.0,88,53.0,7.05,7.1
0,67,1,0,0.42,1,167.8,91,47.2,8.39,8.4
0,84,1,1,2.0,2,193.0,106,66.0,7.68,7.4
1,85,1,0,0.0,2,236.9,93,58.0,9.89,11.4
0,139,1,0,0.0,0,211.1,103,54.0,10.35,5.6
0,183,1,0,0.28,1,190.0,100,56.8,12.33,9.5
0,63,0,0,0.0,1,62.9,112,28.0,10.15,8.9
0,57,1,1,2.24,0,176.8,94,69.4,9.75,8.3
0,106,1,0,0.0,1,169.4,107,46.0,9.86,10.7
0,118,1,0,0.0,2,113.0,80,32.0,7.51,10.8
0,118,1,0,0.0,2,253.2,122,61.0,10.05,9.7
0,95,1,0,0.0,1,134.4,104,36.0,7.62,9.4
0,40,1,0,0.0,1,115.7,105,31.0,6.39,9.3
1,92,0,0,0.0,3,252.3,120,61.0,10.35,12.0
0,117,1,1,2.08,3,104.9,115,59.8,11.88,7.7
0,95,1,0,0.0,0,157.9,103,49.0,12.98,14.0
0,73,1,0,0.0,2,234.7,102,57.0,9.79,8.4
1,81,1,0,0.0,0,324.7,48,76.0,11.82,13.1
0,105,1,1,2.67,2,218.5,61,80.7,9.84,9.9
1,137,0,0,0.0,2,135.1,95,35.0,6.71,12.3
0,125,1,1,2.78,0,268.4,112,92.8,11.11,10.3
0,116,1,0,0.0,0,129.4,84,36.0,7.87,13.3
0,102,1,0,0.0,2,102.6,89,39.0,12.3,9.1
0,112,1,1,2.78,1,286.6,79,103.8,15.77,10.3
0,98,1,1,3.48,2,181.6,112,84.8,11.04,12.9
0,90,1,0,0.0,1,175.9,111,55.0,14.26,13.0
0,148,1,1,2.94,1,77.6,141,60.4,10.35,10.9
0,121,1,0,0.0,1,168.6,121,43.0,8.43,12.3
0,153,1,1,4.16,0,235.6,74,101.6,11.4,15.4
0,143,1,0,0.0,3,160.4,120,52.0,14.3,6.9
1,143,1,0,0.0,0,223.3,99,53.0,8.36,4.5
0,1,1,1,2.7,1,146.6,68,67.0,8.64,10.0
0,86,1,0,0.34,1,166.2,112,53.4,12.77,5.4
0,134,1,1,2.92,1,142.9,105,61.2,4.43,10.8
0,99,1,1,2.46,1,200.7,88,81.6,13.21,9.1
0,95,1,0,0.0,0,160.0,133,46.0,10.77,9.1
0,145,0,1,3.0,1,175.3,107,73.0,7.67,11.1
0,66,1,0,0.0,2,170.5,103,51.0,12.72,10.5
0,51,1,0,0.0,1,232.4,109,56.0,9.37,9.1
0,107,1,0,0.0,0,241.9,102,52.0,6.35,11.7
1,129,1,0,0.0,0,334.3,118,74.0,9.61,10.4
1,147,1,0,0.0,0,274.0,92,67.0,11.59,6.2
0,103,1,0,0.0,3,206.5,125,51.0,9.01,12.2
0,94,1,0,0.0,0,136.2,114,38.0,8.26,9.6
0,88,1,0,0.0,3,215.6,115,56.0,10.81,11.8
0,139,1,1,4.0,0,214.6,101,97.0,11.76,14.8
0,136,0,0,0.0,2,183.4,103,44.0,7.1,10.4
0,155,1,0,0.34,1,184.6,102,52.4,9.8,7.8
0,106,1,0,0.0,0,159.6,94,51.0,13.84,8.8
1,77,1,0,0.0,5,62.4,89,26.0,8.5,5.7
0,109,1,0,0.0,0,184.0,120,42.0,6.02,11.0
0,69,1,0,0.29,2,194.2,122,56.9,12.11,9.7
1,124,1,0,0.0,4,143.3,120,44.0,11.54,7.8
0,114,1,1,2.78,0,154.4,109,73.8,11.07,10.3
0,139,1,0,0.0,1,221.3,140,52.0,7.89,11.3
0,80,1,0,0.0,2,220.0,114,56.0,10.39,12.1
0,105,1,1,2.35,2,147.0,112,65.5,9.87,8.7
0,174,1,0,0.22,2,139.4,96,38.2,7.17,10.0
0,130,1,1,2.92,2,152.9,87,74.2,10.66,10.8
0,106,1,0,0.26,1,187.1,104,56.6,12.51,11.0
0,69,1,0,0.27,3,143.6,88,39.7,7.09,10.8
0,90,1,0,0.0,3,145.5,92,44.0,10.89,10.9
0,108,1,0,0.0,0,210.6,117,50.0,8.21,9.4
0,100,1,0,0.0,1,218.8,125,50.0,7.42,9.7
0,100,1,0,0.21,0,160.3,138,49.1,11.07,11.2
0,6,1,0,0.0,3,226.5,93,52.0,7.61,9.4
0,116,1,0,0.24,3,192.1,98,62.4,15.65,7.9
0,147,0,1,2.19,3,219.9,118,77.9,10.43,8.1
1,132,1,1,2.84,3,226.2,103,82.4,9.08,10.5
0,156,1,0,0.0,0,174.5,65,47.0,9.87,10.6
1,116,1,0,0.0,6,159.4,79,43.0,8.98,9.7
0,68,1,0,0.0,0,94.1,93,29.0,7.38,10.1
0,106,1,0,0.0,1,274.4,120,64.0,9.93,6.0
0,122,1,0,0.0,1,35.1,62,22.0,9.04,12.7
0,66,1,0,0.24,1,87.6,76,40.4,13.1,9.2
0,169,1,0,0.0,2,179.2,111,46.0,8.76,9.9
0,36,1,1,2.32,2,29.9,123,40.2,6.46,8.6
